0,1,2,3,4,5,6,7,8,9,10,11,12,13,14,15,16,17,18,19,20,21,22,23,24,25,26,27,28,29,30,31,32,33,34,35,36,37,38,39,40,41,42,43,44,45,46,47,48,49,50,51,52,53,54,55,56,57,58,59,60,61,62,63,64,65,66,67,68,69,70,71,72,73,74,75,76,77,78,79,80,81,82,83,84,85,86,87,88,89,90,91,92,93,94,95,96,97,98,99
1.00000,0.01270,0.06249,-0.02693,-0.02685,-0.00382,-0.01755,-0.01978,0.01843,-0.01158,-0.02887,-0.01013,0.04748,-0.01159,-0.00874,-0.00270,0.17930,-0.01760,0.09452,-0.01998,0.05236,-0.01463,0.38526,-0.01100,-0.02140,-0.03037,-0.02494,0.01276,-0.01459,0.07552,-0.03253,-0.00878,-0.01804,0.04154,-0.00762,0.09253,-0.01144,-0.02707,-0.01753,-0.01259,-0.01986,-0.01660,-0.01272,0.13262,-0.00717,-0.02781,-0.02663,-0.00486,-0.01124,-0.00540,-0.04163,-0.02644,-0.02291,-0.01397,-0.01027,-0.01912,-0.03129,-0.01347,-0.00770,-0.01791,-0.01456,-0.02370,-0.02011,-0.00803,0.00397,-0.01068,-0.00210,-0.01507,-0.02744,-0.02040,0.00798,-0.01496,-0.03644,0.04953,-0.03095,-0.03211,-0.01389,0.02099,-0.01203,0.06223,0.07927,-0.01840,0.00902,0.24274,-0.02864,-0.01275,-0.00921,0.00701,-0.04306,-0.00790,0.00671,-0.01425,-0.01751,0.03279,0.14952,0.01167,0.04179,-0.02399,-0.01685,0.00103
0.00000,1.00000,-0.00489,-0.02606,-0.02569,-0.01784,-0.00405,-0.02055,-0.00943,-0.00668,-0.01384,0.02741,0.11084,0.01695,-0.00987,-0.01378,0.09774,-0.02060,-0.01913,0.05178,-0.00729,-0.03606,0.00272,-0.01661,-0.01460,-0.00613,-0.02560,0.00856,-0.01771,0.02903,-0.02844,-0.00229,-0.02053,0.01674,-0.01501,0.00383,-0.00503,0.03864,-0.02229,-0.01260,-0.02025,0.07282,-0.01317,0.10918,-0.01547,-0.02734,-0.01842,0.00024,-0.00060,-0.00098,-0.04058,-0.02232,-0.02356,-0.01268,-0.01383,-0.01864,-0.03286,-0.00091,0.07802,-0.02594,-0.00033,-0.02378,-0.02496,0.17548,-0.00366,-0.01455,0.02252,-0.01832,-0.01629,-0.02040,0.01187,-0.01807,-0.03779,0.04273,-0.02872,-0.02995,-0.01484,0.00642,0.10779,-0.00538,-0.01993,-0.01879,-0.02017,0.00665,-0.02903,-0.00054,0.01731,0.01730,-0.03970,-0.00013,0.19126,0.02721,-0.02016,0.00876,0.21610,0.01470,0.00204,-0.02421,-0.00142,-0.00362
0.00000,0.00000,1.00000,-0.04006,-0.01491,0.00368,0.18930,0.00096,-0.01812,-0.00279,-0.03592,-0.01885,0.07491,-0.01337,-0.02862,0.03423,0.04854,0.05037,-0.01470,0.01132,0.00972,-0.01883,0.01740,-0.03163,-0.03299,0.02800,-0.03729,0.06172,0.02660,0.01429,-0.01588,-0.03923,0.05696,-0.00240,0.16086,0.12464,0.08589,-0.03103,-0.00753,-0.01468,-0.00183,-0.00327,0.00545,0.01813,0.00349,-0.00297,-0.03632,-0.01836,-0.00792,-0.02097,-0.01040,-0.04046,-0.02410,0.01039,-0.01327,-0.02301,-0.01943,0.07685,-0.01160,0.00230,-0.02189,-0.03351,0.06426,-0.00345,0.14092,-0.03389,-0.02181,0.31820,-0.02202,-0.02048,0.00131,-0.01774,-0.05404,0.00414,0.01231,-0.04900,-0.02399,-0.00727,0.04954,0.00372,0.19922,-0.00108,-0.02412,0.00718,-0.04669,-0.00981,0.07544,0.23049,-0.05295,-0.01599,-0.01255,0.01423,-0.01124,-0.01523,0.04712,0.01002,-0.01350,0.00866,0.05487,-0.00410
0.00000,0.00000,0.00000,1.00000,-0.02457,-0.03473,-0.04662,0.04329,-0.03103,-0.01813,-0.07494,-0.01858,-0.04344,0.00397,-0.03126,-0.05898,-0.03847,-0.04108,0.19168,-0.05265,-0.02724,-0.08787,-0.03309,-0.03355,0.00208,-0.07255,-0.05269,-0.04750,0.07724,-0.05881,-0.06516,-0.06185,-0.04477,0.03679,-0.04146,-0.03878,0.00664,-0.06548,-0.04640,-0.02538,-0.04674,-0.03903,-0.03045,-0.03916,0.25067,-0.05434,-0.04430,-0.03886,-0.03290,-0.01728,0.08341,0.36722,-0.05121,-0.03364,-0.02812,-0.03781,-0.05785,-0.00323,-0.05903,0.01915,-0.00969,0.22448,-0.07355,-0.03550,-0.03348,-0.02680,-0.01532,0.08444,-0.03417,-0.03203,0.00132,-0.03232,-0.08093,-0.05152,-0.07383,-0.06819,0.02105,-0.01187,-0.05736,0.42938,-0.04207,0.01952,-0.06265,-0.03529,-0.06432,-0.03596,-0.05200,-0.03048,-0.07739,-0.02226,-0.03505,-0.02001,-0.03813,-0.02809,-0.08292,-0.02296,-0.03775,0.02073,-0.03765,-0.03807
0.00000,0.00000,0.00000,0.00000,1.00000,0.00010,-0.02954,-0.03405,-0.02324,-0.01711,-0.04323,-0.02707,-0.00550,-0.01909,-0.01672,-0.04076,-0.03132,-0.00369,0.03202,-0.02961,0.00228,-0.07157,-0.03149,-0.02203,0.02342,0.00567,-0.02754,0.00025,0.00972,-0.03273,-0.03319,-0.04591,-0.01321,-0.02448,0.00359,-0.02589,-0.01296,-0.04394,0.00852,0.02229,0.01488,0.00628,0.01661,0.06518,-0.03679,-0.00093,0.06299,-0.01706,-0.00266,0.02464,-0.07027,0.01007,-0.04374,0.02843,0.00105,0.02298,-0.01050,-0.01938,-0.03839,-0.01617,-0.01546,0.00381,-0.06041,0.04499,-0.02197,-0.03490,-0.01912,-0.00881,0.06606,0.09506,0.02814,-0.02131,-0.04577,-0.01747,-0.02896,0.02914,0.00933,0.03182,-0.02744,-0.03744,0.03348,-0.03586,-0.05121,-0.03136,-0.05153,0.03621,-0.04297,-0.01102,0.03815,-0.01861,-0.02392,-0.02102,0.01177,-0.01246,-0.03752,-0.01583,-0.03255,-0.04177,0.01401,0.01681
0.00000,0.00000,0.00000,0.00000,0.00000,1.00000,-0.01250,-0.01385,0.00328,-0.01314,-0.02691,-0.00888,-0.01040,-0.01410,-0.01827,0.02329,0.01950,0.09703,-0.02015,-0.00844,0.15407,0.08941,0.01198,-0.01514,-0.02692,-0.01502,-0.01802,-0.03112,-0.01143,-0.00370,-0.03959,0.02889,-0.00402,0.02980,-0.00108,-0.02086,-0.01297,0.03960,-0.00717,-0.00014,0.00507,-0.00692,-0.00000,-0.01294,-0.01240,-0.00341,-0.02013,-0.01683,-0.01960,-0.01465,-0.02308,-0.03503,0.00273,-0.01549,-0.01097,-0.01943,0.05367,-0.01014,-0.03057,-0.02269,0.01361,-0.00436,0.03156,-0.01614,0.02271,-0.02114,0.03061,0.00129,-0.02986,-0.02371,-0.01368,-0.00483,0.04916,0.04837,-0.05167,-0.00479,-0.00660,0.14869,-0.02776,-0.01821,-0.00062,-0.01733,0.00040,0.01478,-0.03099,-0.02424,0.04132,-0.00955,-0.05160,-0.00595,0.03704,0.02071,0.00366,-0.00119,0.08890,-0.01203,-0.01825,-0.00767,-0.01295,-0.01885
0.00000,0.00000,0.00000,0.00000,0.00000,0.00000,1.00000,0.05941,0.00870,-0.00936,-0.02421,0.01220,0.02951,-0.01660,-0.01544,0.04950,-0.00770,-0.00246,-0.02397,0.03749,-0.02749,0.03365,-0.03854,0.02599,-0.03509,-0.01989,-0.00843,0.01884,-0.02320,0.11054,0.00532,0.03143,0.01329,-0.01738,0.03469,-0.00975,0.01675,0.00391,-0.02044,-0.00994,-0.01414,-0.00800,-0.01045,0.04912,-0.02169,-0.01616,-0.04185,0.01321,0.01218,-0.00847,-0.03844,-0.04386,-0.03009,0.01201,-0.01729,-0.01848,0.07826,0.00724,0.06102,-0.01266,-0.02173,-0.01899,0.01560,-0.02483,0.08458,-0.01687,0.03827,0.05214,-0.02519,-0.02699,-0.02049,0.05200,0.04274,0.03271,-0.00887,-0.00763,-0.01977,0.00049,-0.00636,-0.01812,0.07054,-0.01713,-0.02527,0.00507,-0.02453,0.01637,-0.00769,0.01529,-0.04598,-0.01098,0.00603,-0.02117,0.02648,-0.00799,0.01058,-0.01375,-0.02069,0.01003,0.03500,-0.00160
0.00000,0.00000,0.00000,0.00000,0.00000,0.00000,0.00000,1.00000,-0.02288,-0.01646,-0.04544,0.00692,-0.02939,-0.01069,-0.00229,-0.02940,-0.01896,-0.02692,0.03164,-0.03726,-0.01847,-0.04924,-0.02658,-0.00310,-0.02581,-0.04785,-0.03485,-0.03325,-0.02126,0.18127,-0.04317,0.01816,0.00899,0.15915,0.00985,-0.01410,-0.01505,-0.04058,-0.01475,-0.01718,-0.03242,-0.02009,-0.01788,-0.02576,-0.02780,-0.03764,-0.03024,-0.02506,-0.01115,-0.00877,0.16205,0.01211,-0.02109,-0.02091,-0.01740,-0.00246,-0.01218,0.00748,-0.03878,0.05817,-0.01025,0.14002,-0.03776,-0.01837,-0.02447,0.01085,-0.02034,-0.00755,-0.03543,-0.01545,-0.01553,-0.02125,-0.03623,0.00083,0.01637,-0.04528,0.00410,-0.02416,-0.03724,-0.01189,-0.01825,0.00416,-0.02238,-0.02274,-0.04252,-0.02168,-0.03562,-0.02024,-0.04387,-0.01290,-0.02080,-0.01312,-0.02821,-0.00958,-0.05474,-0.00694,0.00264,0.00462,-0.01478,-0.02116
0.00000,0.00000,0.00000,0.00000,0.00000,0.00000,0.00000,0.00000,1.00000,-0.01221,0.02696,0.01746,-0.01339,-0.01354,-0.01669,0.01274,-0.01765,-0.01139,-0.01729,-0.01298,-0.00107,0.00177,-0.01365,-0.02147,-0.02201,-0.01347,0.01342,0.05575,0.06618,-0.00750,-0.02223,0.09389,0.01332,-0.01485,0.00291,-0.01746,0.00053,0.07744,-0.00444,-0.00756,-0.01916,-0.00662,-0.01034,-0.01975,-0.01566,0.02129,-0.01314,-0.01267,-0.01517,-0.01338,-0.04232,0.01898,0.04517,0.01676,-0.00899,-0.01896,0.00936,-0.01179,-0.01975,-0.02485,0.00394,-0.02860,-0.01306,-0.01440,0.00424,0.00247,0.06120,-0.02085,0.01006,-0.02197,-0.01508,0.04875,0.07656,0.00198,-0.03300,-0.02963,-0.01128,-0.00172,-0.03020,-0.01430,-0.02093,-0.00696,0.02092,0.00495,-0.03460,0.01978,0.12579,-0.01844,-0.03356,0.00696,0.03471,0.08749,-0.01357,-0.00309,-0.01178,-0.01119,-0.00330,-0.02772,-0.01429,-0.01807
0.00000,0.00000,0.00000,0.00000,0.00000,0.00000,0.00000,0.00000,0.00000,1.00000,-0.01874,-0.01191,-0.01161,-0.00980,-0.01274,-0.00514,0.00361,-0.01324,-0.01362,-0.02330,0.06527,-0.03254,-0.02163,0.13512,-0.01375,0.00590,-0.02071,-0.01286,-0.00516,0.00624,0.01396,-0.02775,-0.01805,0.01290,-0.01267,0.00962,-0.00737,-0.01372,0.01826,-0.00991,-0.00508,0.00784,0.00373,-0.00871,-0.01582,-0.02080,-0.01167,-0.00979,0.10347,-0.01083,-0.02699,-0.02183,-0.01909,0.00371,-0.00958,0.05208,0.00527,-0.00357,-0.02183,-0.01762,-0.01100,-0.01686,0.00039,-0.00912,-0.00582,0.05977,-0.01092,-0.00480,0.06209,0.00674,0.00812,-0.01184,-0.03159,-0.02478,0.04759,-0.02641,-0.01183,-0.00904,-0.00549,-0.01204,0.14178,-0.00487,-0.00910,-0.01192,-0.02186,-0.01548,-0.01482,0.05879,-0.02781,-0.00854,-0.01199,-0.01362,-0.00619,0.19342,-0.02892,-0.00742,-0.00899,-0.01575,-0.00593,-0.00869
0.00000,0.00000,0.00000,0.00000,0.00000,0.00000,0.00000,0.00000,0.00000,0.00000,1.00000,0.13464,0.08147,-0.02997,-0.04546,-0.01594,-0.00097,0.00333,-0.04610,-0.06229,-0.03195,-0.09795,-0.05925,-0.02476,-0.05265,0.04427,-0.04508,0.19758,-0.03260,-0.04716,0.03981,0.00303,0.00924,-0.02653,0.17121,-0.00735,0.11382,0.06515,0.27063,-0.01925,0.00161,0.01032,0.03740,-0.02368,-0.00947,0.14926,-0.06373,-0.02025,0.04453,-0.02827,-0.09953,-0.06923,-0.02934,0.00926,0.12290,-0.03495,-0.05220,-0.02380,-0.06082,-0.05997,-0.03596,-0.07028,-0.05084,-0.01548,0.00667,-0.03649,0.00388,-0.04100,-0.01161,-0.04743,0.12458,-0.02777,-0.02464,0.01088,-0.06463,-0.00923,-0.03663,-0.02469,-0.04100,-0.04784,-0.04199,0.02664,-0.01139,0.00540,-0.07107,0.22501,-0.03209,-0.03061,0.01117,-0.02024,0.05700,-0.03248,0.02512,-0.02245,-0.03618,0.04555,0.15622,-0.04656,-0.00924,0.04312
0.00000,0.00000,0.00000,0.00000,0.00000,0.00000,0.00000,0.00000,0.00000,0.00000,0.00000,1.00000,-0.01924,-0.01210,-0.01160,-0.02293,0.01330,-0.01974,-0.01979,-0.02515,-0.01453,-0.02552,-0.02342,-0.01759,-0.01467,0.03258,0.03933,-0.01330,0.00667,-0.02051,-0.01880,0.02295,-0.02364,-0.01198,-0.00753,0.09270,-0.01087,0.03320,0.14329,-0.01141,0.17575,-0.01893,0.02926,-0.01789,-0.01843,0.01486,-0.01634,-0.00817,-0.01660,-0.01038,-0.04031,-0.03127,-0.02126,-0.01837,-0.01041,-0.01946,0.02454,-0.00939,-0.01755,-0.02411,-0.00856,-0.02995,-0.02713,0.00503,-0.00712,-0.00680,0.01332,-0.02028,0.00275,-0.01982,-0.01432,0.00190,-0.00056,0.02725,-0.03420,-0.01725,-0.01313,0.00192,0.00697,-0.01045,-0.00659,-0.01079,-0.02089,0.04962,-0.02023,0.00970,0.01388,-0.00982,-0.00534,0.08905,0.00296,-0.00728,0.00775,-0.00985,0.00097,0.01537,0.00663,-0.02058,-0.01153,-0.01182
0.00000,0.00000,0.00000,0.00000,0.00000,0.00000,0.00000,0.00000,0.00000,0.00000,0.00000,0.00000,1.00000,0.01503,-0.01863,0.07331,-0.00394,0.13238,0.00001,-0.02205,0.04429,-0.03278,0.01060,-0.03058,-0.00376,0.04947,-0.03883,0.05028,-0.02160,-0.00528,-0.01641,-0.02902,-0.00818,-0.00341,0.04258,0.03059,0.10964,-0.00844,0.01076,-0.01914,0.05411,0.21093,-0.00155,0.03915,0.02510,0.04506,-0.01626,-0.02103,0.05953,0.02702,-0.03912,-0.04629,0.02100,-0.01777,0.01486,-0.02717,-0.05411,0.00080,-0.04091,-0.02942,-0.01463,-0.04183,-0.01821,-0.01897,-0.01475,-0.03114,-0.01824,-0.00301,0.04751,-0.01884,-0.01464,-0.03079,-0.05852,-0.01483,-0.04860,-0.03975,0.03682,0.04295,-0.00114,-0.01395,-0.01858,0.07063,0.02099,-0.01375,0.00127,0.08104,-0.00472,0.03827,0.00220,-0.01249,0.05905,0.00148,-0.03097,-0.00154,0.01781,0.02298,-0.01906,-0.02594,-0.00957,0.13304
0.00000,0.00000,0.00000,0.00000,0.00000,0.00000,0.00000,0.00000,0.00000,0.00000,0.00000,0.00000,0.00000,1.00000,-0.00234,-0.00810,-0.01518,-0.01710,0.02181,-0.02346,-0.01419,-0.02891,0.39056,-0.01449,-0.01476,-0.02727,-0.02145,-0.02207,0.02216,-0.02452,0.04873,-0.02517,-0.00890,-0.01337,-0.01551,-0.01542,-0.00881,-0.01835,-0.01727,-0.01063,-0.01780,-0.00925,-0.00596,-0.01712,-0.00896,-0.02080,0.00075,-0.01408,0.00086,0.00248,-0.01997,-0.00777,0.00036,-0.00876,0.00664,-0.01587,-0.02930,-0.00720,-0.01861,-0.01913,-0.00989,0.03429,-0.02922,-0.01410,-0.01505,-0.01780,0.02557,-0.00935,-0.01886,-0.01728,-0.01169,-0.01694,-0.03216,-0.02532,-0.01842,-0.02629,-0.01084,-0.00676,0.00551,-0.00290,-0.01761,0.03446,-0.01718,-0.01500,0.03820,-0.01105,-0.02055,-0.01492,-0.03526,0.00134,-0.01488,-0.01490,-0.01327,-0.00865,-0.02673,0.02583,-0.01615,-0.01858,-0.01126,-0.01578
0.00000,0.00000,0.00000,0.00000,0.00000,0.00000,0.00000,0.00000,0.00000,0.00000,0.00000,0.00000,0.00000,0.00000,1.00000,-0.01407,-0.02255,-0.00694,-0.02114,-0.03290,0.02454,-0.01277,-0.01316,-0.02545,0.00530,-0.03408,-0.02339,-0.01047,-0.01967,-0.03798,-0.03467,-0.02456,-0.02631,-0.01793,-0.02632,-0.00905,-0.01756,-0.03792,0.01559,-0.01547,-0.02696,-0.02229,-0.01551,0.05201,-0.02822,-0.03387,0.24353,-0.02186,-0.02050,0.01709,-0.04284,-0.03244,-0.02003,-0.02077,-0.01812,-0.02324,-0.04465,-0.01976,-0.03181,-0.02240,0.03689,-0.02958,0.00125,-0.02325,-0.02001,-0.01943,-0.02396,-0.02260,-0.02451,-0.02152,-0.02090,-0.00543,-0.04919,0.00782,0.20723,-0.03881,-0.00437,-0.01878,-0.02503,-0.01479,-0.02480,-0.02780,-0.01482,-0.02107,-0.02053,-0.02579,-0.02971,-0.02134,-0.04811,-0.00892,-0.01785,-0.01811,-0.02639,-0.00331,-0.04390,-0.01192,-0.01765,-0.03006,-0.02298,-0.02360
0.00000,0.00000,0.00000,0.00000,0.00000,0.00000,0.00000,0.00000,0.00000,0.00000,0.00000,0.00000,0.00000,0.00000,0.00000,1.00000,0.01212,0.12996,-0.04026,0.05987,0.06398,0.09733,-0.01288,-0.00468,-0.04239,0.01069,-0.05051,-0.02678,-0.03187,0.00351,0.00028,-0.00334,-0.04580,-0.01218,-0.02167,0.03134,-0.02175,0.00361,-0.02591,-0.02066,-0.00836,0.07563,-0.01383,0.06278,-0.04287,-0.04714,-0.04329,-0.02176,-0.02016,-0.00624,-0.07497,-0.05525,-0.03805,0.00769,0.00816,0.05252,-0.02139,-0.00589,-0.00240,-0.04004,-0.02102,-0.04350,0.32960,0.03256,0.00858,-0.00953,-0.01061,-0.01868,-0.03116,0.11801,-0.01789,-0.01641,-0.06740,0.05347,0.06875,-0.05321,-0.02944,0.01184,-0.02901,-0.03962,-0.00511,-0.03312,0.05627,-0.00321,-0.03252,-0.02795,0.03136,0.03663,-0.05100,-0.00710,0.02590,-0.00616,0.04433,-0.02697,0.07147,-0.01336,0.00212,-0.03444,0.04594,0.00579
0.00000,0.00000,0.00000,0.00000,0.00000,0.00000,0.00000,0.00000,0.00000,0.00000,0.00000,0.00000,0.00000,0.00000,0.00000,0.00000,1.00000,0.02424,0.00150,-0.00795,0.00661,-0.02933,0.05995,0.01869,0.00026,-0.01510,-0.00972,0.00877,-0.00106,-0.00898,0.04505,0.00706,-0.02122,0.25642,0.00225,0.03622,0.00030,-0.01429,0.00842,-0.01230,0.01003,0.04282,0.00214,0.00772,-0.01061,-0.02784,0.00974,-0.01944,-0.01435,-0.01242,-0.02689,-0.03481,-0.02216,-0.01030,-0.00446,0.01219,0.04080,-0.01129,-0.01020,0.00606,-0.01288,-0.02868,0.03555,0.00259,0.00075,-0.00013,-0.00702,-0.01605,-0.02290,0.07049,0.04082,-0.01963,-0.00226,-0.00444,-0.04350,-0.00838,-0.01774,0.01051,0.10136,0.01911,0.04562,-0.01780,0.00878,0.05569,-0.00449,-0.01275,-0.01283,0.03042,-0.01714,-0.00782,-0.01594,0.05451,-0.01102,0.01199,0.04746,0.01858,0.02918,0.01800,-0.00466,0.01162
0.00000,0.00000,0.00000,0.00000,0.00000,0.00000,0.00000,0.00000,0.00000,0.00000,0.00000,0.00000,0.00000,0.00000,0.00000,0.00000,0.00000,1.00000,-0.02900,0.00200,-0.01325,0.08928,-0.02638,-0.02310,-0.02836,0.04450,-0.03513,-0.01875,-0.02656,-0.00156,-0.04442,-0.03965,0.00165,0.00188,0.02586,0.06398,-0.00966,-0.03336,-0.00009,-0.01771,-0.03100,0.05829,0.01160,-0.00708,-0.03033,-0.02082,-0.03392,-0.01928,0.02474,-0.01886,-0.05361,-0.03824,-0.03454,0.00022,0.00408,-0.02541,-0.04866,-0.01677,-0.03912,-0.02100,-0.01825,-0.03833,0.03974,-0.02254,-0.02118,-0.01723,-0.02407,-0.00886,0.00243,-0.01853,-0.02165,-0.01775,-0.04785,0.00946,-0.03859,-0.04103,-0.01794,0.04278,-0.00340,-0.01382,-0.02404,-0.02604,0.00175,-0.00345,-0.04419,-0.01664,-0.03334,0.04182,-0.05729,-0.01009,0.09557,-0.00574,-0.02813,-0.00984,0.11193,-0.01383,0.04972,-0.02792,-0.01680,-0.01310
0.00000,0.00000,0.00000,0.00000,0.00000,0.00000,0.00000,0.00000,0.00000,0.00000,0.00000,0.00000,0.00000,0.00000,0.00000,0.00000,0.00000,0.00000,1.00000,-0.04357,0.02154,-0.04454,0.01554,0.00285,-0.01591,-0.05163,-0.03288,0.03340,0.01356,-0.00270,-0.04510,-0.03796,-0.02754,0.04773,-0.01817,-0.01504,-0.01565,0.00043,-0.02852,-0.01034,-0.03073,-0.00780,-0.01850,0.07322,0.00448,-0.00890,-0.03427,-0.01969,-0.01537,-0.00685,0.21810,0.00955,-0.02600,-0.02487,-0.00821,-0.02661,0.04353,0.03379,-0.03542,0.10507,-0.01701,0.01964,-0.04907,-0.02110,0.02021,0.08340,-0.00293,0.06312,-0.03577,0.02865,-0.00468,-0.02180,-0.03723,-0.01219,-0.05170,-0.03378,-0.01735,-0.02616,-0.01436,0.03778,0.02701,0.16264,-0.02562,0.00519,-0.04441,-0.01006,0.01250,-0.01276,-0.04986,0.01370,-0.01701,0.00516,-0.02732,-0.01804,-0.01539,-0.01176,0.00105,0.03161,-0.01750,-0.02275
0.00000,0.00000,0.00000,0.00000,0.00000,0.00000,0.00000,0.00000,0.00000,0.00000,0.00000,0.00000,0.00000,0.00000,0.00000,0.00000,0.00000,0.00000,0.00000,1.00000,0.02275,0.04674,-0.02595,0.03347,-0.03602,-0.01985,-0.03775,-0.00953,-0.03518,0.04026,-0.05520,-0.03071,-0.04288,-0.02022,-0.01493,0.08653,0.02184,-0.02767,-0.04494,-0.01660,-0.03055,-0.02878,0.00973,0.00687,0.01024,-0.04842,-0.05069,0.08094,-0.02975,0.02447,-0.07565,-0.05092,-0.03372,-0.00069,-0.01573,-0.03500,-0.00412,-0.00021,0.55974,-0.04240,-0.02870,-0.02930,0.02244,-0.00188,-0.00769,-0.00758,0.00342,0.02431,-0.04795,-0.02837,-0.02791,-0.03563,-0.06379,-0.03092,-0.03209,-0.00551,-0.02914,-0.00833,0.06642,0.00312,0.00277,-0.01106,-0.02434,0.06262,-0.04782,-0.00987,0.00415,0.10190,-0.07285,-0.01686,-0.01573,-0.01126,-0.03742,0.03319,0.13707,-0.02221,0.07994,-0.03606,0.00373,-0.03480
0.00000,0.00000,0.00000,0.00000,0.00000,0.00000,0.00000,0.00000,0.00000,0.00000,0.00000,0.00000,0.00000,0.00000,0.00000,0.00000,0.00000,0.00000,0.00000,0.00000,1.00000,0.10751,0.00690,0.00285,-0.02676,0.00497,-0.02806,-0.01285,0.00819,-0.00628,-0.02150,-0.01381,-0.00543,0.03544,0.00006,-0.01425,-0.01569,-0.02701,-0.02264,-0.01394,0.04015,0.01677,0.00983,0.06186,-0.00296,-0.01297,-0.03045,-0.00417,-0.01722,-0.00063,-0.03699,-0.03287,-0.02849,-0.01331,0.00036,0.08140,-0.01549,0.00628,-0.03290,-0.00804,-0.01943,-0.03391,-0.01089,0.09088,-0.01689,0.17399,0.02445,-0.00421,-0.03294,0.15799,-0.00250,-0.01124,-0.04272,0.00908,0.00539,0.00270,-0.01651,0.14668,0.01501,0.00242,0.01668,0.02331,0.01153,-0.01295,-0.01969,0.01230,0.02535,-0.01031,-0.02417,-0.01061,-0.02066,-0.01623,-0.02270,-0.01073,0.10014,-0.01505,-0.01593,0.03388,0.02961,0.03651
0.00000,0.00000,0.00000,0.00000,0.00000,0.00000,0.00000,0.00000,0.00000,0.00000,0.00000,0.00000,0.00000,0.00000,0.00000,0.00000,0.00000,0.00000,0.00000,0.00000,0.00000,1.00000,-0.06536,-0.04536,-0.06093,-0.04654,-0.07466,-0.01154,-0.06124,-0.01776,-0.09331,-0.07309,-0.06424,0.01104,-0.03095,0.04175,-0.01249,-0.08190,-0.06798,-0.03647,-0.06538,-0.01716,-0.02873,0.05843,-0.05645,-0.07113,-0.06659,0.00168,-0.04407,-0.04095,-0.11594,-0.08337,-0.07104,0.04971,-0.02181,-0.05375,-0.10680,-0.03574,-0.07330,-0.05764,-0.03595,-0.08115,0.02585,-0.04296,-0.01931,0.14017,-0.00134,-0.01459,-0.05301,-0.03362,-0.04460,-0.05207,-0.11294,0.18261,0.02892,-0.08296,-0.03810,0.08089,-0.07389,-0.04210,-0.02395,-0.05261,0.44322,-0.02970,-0.08796,-0.05763,-0.07254,-0.00302,-0.10979,-0.02031,0.03730,-0.05423,-0.05929,-0.00743,0.08821,-0.02800,-0.03472,-0.07022,0.01097,-0.05367
0.00000,0.00000,0.00000,0.00000,0.00000,0.00000,0.00000,0.00000,0.00000,0.00000,0.00000,0.00000,0.00000,0.00000,0.00000,0.00000,0.00000,0.00000,0.00000,0.00000,0.00000,0.00000,1.00000,-0.02346,0.01318,-0.05227,-0.04399,-0.01389,0.01925,0.00339,-0.00892,-0.02887,-0.02340,-0.00686,-0.02260,0.01973,0.00216,-0.02437,-0.04272,-0.02382,-0.03824,0.02569,-0.00167,0.01680,-0.03633,-0.04766,-0.02216,-0.02803,-0.02259,-0.01248,-0.06866,-0.01446,0.05136,-0.00841,-0.01714,-0.02133,-0.05271,-0.02678,-0.03392,-0.03492,0.00255,0.08731,-0.06411,-0.00831,-0.02112,-0.02184,-0.01328,-0.02431,-0.04557,-0.02908,-0.01896,0.03454,-0.02561,0.01749,-0.01299,-0.05740,0.03031,0.00038,0.09719,0.03113,0.00775,-0.01028,-0.03687,0.02385,0.12190,-0.02733,-0.02857,-0.01348,-0.04388,-0.01265,-0.01867,-0.01040,-0.02374,-0.01428,0.03489,0.00488,0.03006,-0.03950,-0.00131,-0.01988
0.00000,0.00000,0.00000,0.00000,0.00000,0.00000,0.00000,0.00000,0.00000,0.00000,0.00000,0.00000,0.00000,0.00000,0.00000,0.00000,0.00000,0.00000,0.00000,0.00000,0.00000,0.00000,0.00000,1.00000,0.03689,-0.02053,-0.02192,0.12618,0.00434,0.02415,-0.02755,-0.03330,-0.00884,-0.02375,-0.02516,-0.01509,0.03449,-0.00608,-0.01578,0.00001,-0.01072,0.01729,-0.01163,-0.03304,0.02094,-0.02262,0.00790,0.05933,0.00406,-0.01566,0.00841,0.01643,-0.02984,-0.02035,-0.00851,0.00641,-0.01678,-0.00539,0.07527,0.00861,-0.01147,-0.01889,0.02008,0.02699,-0.01159,0.01133,-0.01459,-0.03182,0.07268,-0.01013,-0.00551,-0.00745,0.02240,0.00812,0.02152,-0.00955,-0.02482,0.05583,-0.03704,-0.02045,0.01988,0.05186,-0.04136,-0.01993,-0.03919,0.09978,-0.02503,-0.01140,0.07805,-0.00848,-0.01239,0.03993,0.01115,0.01127,-0.04098,-0.02022,-0.01000,-0.01128,-0.00239,0.01310
0.00000,0.00000,0.00000,0.00000,0.00000,0.00000,0.00000,0.00000,0.00000,0.00000,0.00000,0.00000,0.00000,0.00000,0.00000,0.00000,0.00000,0.00000,0.00000,0.00000,0.00000,0.00000,0.00000,0.00000,1.00000,-0.01694,-0.03660,-0.03890,0.07136,-0.04181,-0.04692,-0.04832,-0.01244,0.04223,-0.03051,-0.02795,0.13454,-0.04448,-0.02658,-0.01841,-0.03227,-0.00103,-0.01590,-0.03072,-0.02163,-0.03541,0.18449,-0.02540,-0.02312,-0.00855,-0.05150,0.01672,-0.03635,-0.01865,-0.02047,-0.02298,-0.05100,-0.01470,-0.04218,-0.03027,0.16063,0.07584,-0.04765,-0.02241,-0.02840,-0.01380,-0.02403,-0.02487,0.10056,-0.01443,-0.01982,-0.02573,-0.05666,-0.03725,-0.04305,-0.04670,0.22781,0.22082,-0.03537,0.03670,-0.02888,-0.01694,-0.04252,-0.02534,-0.03791,-0.02861,-0.03669,-0.01861,-0.04287,-0.01013,-0.02450,-0.01443,-0.02995,-0.01939,-0.04236,-0.01738,-0.00056,-0.03293,-0.02458,-0.02434
0.00000,0.00000,0.00000,0.00000,0.00000,0.00000,0.00000,0.00000,0.00000,0.00000,0.00000,0.00000,0.00000,0.00000,0.00000,0.00000,0.00000,0.00000,0.00000,0.00000,0.00000,0.00000,0.00000,0.00000,0.00000,1.00000,-0.04866,0.02921,-0.02601,-0.02810,-0.04928,-0.03243,0.06147,-0.01651,0.00134,0.00142,0.04780,-0.05354,0.03441,-0.01809,-0.04719,-0.02448,-0.01025,0.01741,-0.03353,0.00926,-0.00283,-0.01072,0.01907,-0.02193,-0.09064,-0.06302,-0.03550,0.13427,0.01690,-0.01026,-0.06658,-0.01703,-0.05587,-0.03699,-0.01638,-0.06868,0.12913,0.01522,-0.00535,-0.04041,0.07421,0.00485,0.05501,0.00347,0.05050,-0.03875,-0.07532,0.03012,0.10443,-0.04715,0.02058,-0.03099,-0.03426,-0.04447,-0.01317,-0.03727,-0.01182,-0.02803,-0.04578,-0.00022,-0.03706,0.01308,-0.05522,0.01919,0.02565,0.04260,-0.04183,-0.00189,0.04959,-0.01480,-0.01492,-0.05100,-0.03104,0.00194
0.00000,0.00000,0.00000,0.00000,0.00000,0.00000,0.00000,0.00000,0.00000,0.00000,0.00000,0.00000,0.00000,0.00000,0.00000,0.00000,0.00000,0.00000,0.00000,0.00000,0.00000,0.00000,0.00000,0.00000,0.00000,0.00000,1.00000,-0.04272,-0.03917,0.00996,-0.05587,0.04926,-0.00850,-0.02268,-0.03579,-0.03339,-0.02146,-0.04006,-0.04250,0.02756,-0.02020,-0.03962,0.11449,-0.03343,-0.03583,-0.04473,-0.04551,-0.02086,-0.02816,-0.01624,-0.06635,-0.05106,-0.04044,-0.03073,-0.00172,-0.03334,0.13546,-0.01966,-0.03313,-0.04342,-0.02400,-0.05027,-0.05552,-0.02469,0.02407,-0.01384,0.06327,-0.03185,-0.03805,-0.03489,-0.02538,-0.00695,0.05673,-0.04680,-0.06681,0.05832,-0.02701,-0.03095,-0.04821,-0.03536,-0.03274,-0.00900,-0.04300,-0.02737,-0.05203,-0.03197,-0.04348,0.02304,0.00491,-0.01790,-0.02956,-0.02541,0.19751,-0.02246,-0.06330,-0.01967,-0.03091,-0.02118,0.00845,-0.03109
0.00000,0.00000,0.00000,0.00000,0.00000,0.00000,0.00000,0.00000,0.00000,0.00000,0.00000,0.00000,0.00000,0.00000,0.00000,0.00000,0.00000,0.00000,0.00000,0.00000,0.00000,0.00000,0.00000,0.00000,0.00000,0.00000,0.00000,1.00000,-0.01543,-0.02717,0.01391,-0.03573,0.12277,-0.02580,0.06082,0.14011,0.07357,-0.00954,0.05896,-0.01742,-0.02906,0.00443,-0.01978,0.02127,0.10205,0.05121,-0.03096,-0.01416,0.01399,-0.01630,-0.04761,-0.04949,0.01860,0.02933,-0.01196,-0.01007,-0.06320,-0.01520,-0.04983,-0.02741,-0.01440,-0.05053,-0.00212,0.07612,0.01191,-0.00660,0.04225,-0.00661,0.00101,-0.02674,0.15138,-0.00886,-0.04383,-0.02036,0.02810,-0.03566,-0.01530,0.03351,0.01569,-0.01382,0.00593,0.07672,-0.00978,-0.03180,-0.04743,0.41634,0.07101,0.00055,-0.00833,-0.00976,0.03162,0.04113,-0.03432,-0.01674,-0.00322,0.05037,0.00032,-0.02816,-0.00771,-0.01805
0.00000,0.00000,0.00000,0.00000,0.00000,0.00000,0.00000,0.00000,0.00000,0.00000,0.00000,0.00000,0.00000,0.00000,0.00000,0.00000,0.00000,0.00000,0.00000,0.00000,0.00000,0.00000,0.00000,0.00000,0.00000,0.00000,0.00000,0.00000,1.00000,-0.02452,-0.00411,0.02557,-0.02459,-0.00487,-0.02690,-0.02220,-0.00669,0.01087,-0.03114,0.03906,-0.01265,0.05208,-0.01717,-0.00756,0.04537,-0.04279,0.02456,-0.01293,-0.01757,-0.00612,-0.04616,0.10562,-0.01062,-0.01893,-0.01023,0.01493,-0.03512,0.05628,-0.02579,0.33298,0.02288,0.06245,-0.04167,-0.00839,0.01117,-0.03012,-0.01810,-0.01825,-0.03089,-0.00029,-0.01741,0.00730,-0.03628,0.00032,-0.04121,0.00828,0.11263,-0.00832,0.06323,0.06357,0.04132,0.00853,-0.04075,-0.00463,0.04427,-0.02730,0.11773,-0.02675,-0.04669,-0.01529,0.05537,0.09665,-0.00189,-0.01461,0.00246,-0.01636,-0.02718,-0.01235,0.01160,0.00895
0.00000,0.00000,0.00000,0.00000,0.00000,0.00000,0.00000,0.00000,0.00000,0.00000,0.00000,0.00000,0.00000,0.00000,0.00000,0.00000,0.00000,0.00000,0.00000,0.00000,0.00000,0.00000,0.00000,0.00000,0.00000,0.00000,0.00000,0.00000,0.00000,1.00000,-0.04911,0.02335,0.03051,0.01714,0.03920,-0.00293,0.00532,-0.04259,-0.04859,0.10870,0.11169,-0.01014,0.02528,0.01547,-0.04441,-0.02250,-0.02828,0.01619,-0.02979,-0.01366,-0.06919,-0.05055,-0.04368,-0.01650,-0.02099,-0.00086,-0.06266,-0.01639,0.13268,-0.04075,-0.02751,-0.04382,-0.00154,0.03021,0.00286,-0.02844,-0.00664,-0.03099,-0.05002,0.01501,-0.02807,0.00961,0.09088,0.02613,-0.01762,0.13914,-0.02696,-0.03416,-0.02760,-0.02773,0.03205,-0.02895,0.00858,-0.00229,-0.01777,-0.03382,0.00737,-0.01145,-0.03463,0.02029,0.03485,-0.03186,0.01462,-0.02538,0.05005,-0.01979,-0.02990,-0.01837,-0.03062,-0.02285
0.00000,0.00000,0.00000,0.00000,0.00000,0.00000,0.00000,0.00000,0.00000,0.00000,0.00000,0.00000,0.00000,0.00000,0.00000,0.00000,0.00000,0.00000,0.00000,0.00000,0.00000,0.00000,0.00000,0.00000,0.00000,0.00000,0.00000,0.00000,0.00000,0.00000,1.00000,0.01588,-0.04380,0.01362,-0.02090,-0.01473,-0.00915,0.01926,-0.00506,-0.02402,-0.03498,-0.00930,-0.02816,-0.03428,-0.04045,-0.04671,-0.04433,0.00282,0.08011,-0.02770,-0.08863,-0.06268,0.12298,-0.01036,-0.00540,-0.01477,-0.05020,-0.02994,-0.05300,-0.05674,-0.02165,-0.05806,-0.06067,0.00829,0.06625,-0.03825,0.02048,-0.01918,-0.04345,-0.03803,0.10991,-0.04133,-0.06829,-0.06423,-0.04437,-0.05429,-0.02465,-0.03154,0.08470,-0.03032,-0.00623,-0.02963,0.00301,-0.03063,0.25099,0.00775,-0.05232,-0.02445,0.01270,-0.02230,-0.03670,-0.04212,-0.04464,-0.01605,-0.07215,0.11383,-0.02746,0.01756,-0.02664,0.10697
0.00000,0.00000,0.00000,0.00000,0.00000,0.00000,0.00000,0.00000,0.00000,0.00000,0.00000,0.00000,0.00000,0.00000,0.00000,0.00000,0.00000,0.00000,0.00000,0.00000,0.00000,0.00000,0.00000,0.00000,0.00000,0.00000,0.00000,0.00000,0.00000,0.00000,0.00000,1.00000,-0.01548,0.08471,-0.04461,-0.00948,-0.01414,0.10731,-0.04927,0.00140,-0.02862,-0.04001,-0.00017,-0.02737,-0.03904,-0.02793,-0.04725,-0.02184,-0.03588,-0.02274,-0.04577,-0.06144,0.07456,-0.03524,-0.03094,-0.02787,0.07243,-0.00530,-0.01110,0.01175,-0.02470,-0.01360,-0.03970,0.00193,-0.00323,-0.02085,-0.00189,-0.03127,-0.04212,-0.02076,-0.03124,0.05156,0.10714,-0.01893,-0.04200,0.01933,-0.02719,-0.01999,-0.02941,-0.03168,-0.01599,-0.03528,-0.04052,0.25982,-0.00337,-0.02968,0.08967,-0.00819,0.00055,0.02897,0.00777,0.06129,0.00799,-0.00710,0.06830,-0.01833,-0.02073,0.06115,0.02873,-0.03448
0.00000,0.00000,0.00000,0.00000,0.00000,0.00000,0.00000,0.00000,0.00000,0.00000,0.00000,0.00000,0.00000,0.00000,0.00000,0.00000,0.00000,0.00000,0.00000,0.00000,0.00000,0.00000,0.00000,0.00000,0.00000,0.00000,0.00000,0.00000,0.00000,0.00000,0.00000,0.00000,1.00000,-0.02233,0.15524,0.00967,-0.01945,0.04034,0.06427,-0.02025,-0.01928,-0.00073,0.00259,-0.02153,0.03496,0.13491,0.00291,-0.03067,-0.01239,-0.02074,-0.04964,-0.04696,-0.03402,-0.02728,-0.01525,-0.01398,-0.01915,0.00423,-0.04824,-0.02726,0.00329,-0.04298,-0.04453,0.04496,-0.02281,-0.02944,-0.02752,0.03495,0.01347,-0.01444,-0.02549,-0.01318,0.09695,0.02571,-0.05479,-0.04793,-0.02292,-0.02670,-0.02789,0.00287,0.00319,-0.01766,-0.02205,0.00492,-0.03621,0.05951,-0.03158,0.00042,-0.03018,-0.01731,-0.02465,0.04733,-0.01214,0.02915,-0.03196,0.08312,-0.03005,-0.03156,0.02847,0.02711
0.00000,0.00000,0.00000,0.00000,0.00000,0.00000,0.00000,0.00000,0.00000,0.00000,0.00000,0.00000,0.00000,0.00000,0.00000,0.00000,0.00000,0.00000,0.00000,0.00000,0.00000,0.00000,0.00000,0.00000,0.00000,0.00000,0.00000,0.00000,0.00000,0.00000,0.00000,0.00000,0.00000,1.00000,-0.01537,0.02803,-0.00054,-0.02474,-0.01888,-0.01215,-0.02236,0.00218,-0.00296,0.02453,-0.00375,-0.01770,-0.01724,-0.00884,-0.01534,-0.01245,-0.01612,0.04616,0.01277,-0.01777,-0.00835,0.01308,0.00136,0.04390,-0.02757,-0.01199,-0.01353,0.01284,-0.00707,-0.00813,-0.00591,0.05589,-0.00799,0.05953,-0.02553,0.01327,-0.01120,-0.00751,-0.02294,0.02944,-0.03263,-0.03361,0.01195,0.00402,0.04655,-0.00774,0.00594,0.00346,-0.01960,-0.01045,0.01489,-0.01904,-0.02465,0.00086,-0.02524,-0.00549,-0.00150,0.04717,-0.01778,-0.00916,0.07869,-0.00855,-0.00037,0.02385,-0.01556,-0.01124
0.00000,0.00000,0.00000,0.00000,0.00000,0.00000,0.00000,0.00000,0.00000,0.00000,0.00000,0.00000,0.00000,0.00000,0.00000,0.00000,0.00000,0.00000,0.00000,0.00000,0.00000,0.00000,0.00000,0.00000,0.00000,0.00000,0.00000,0.00000,0.00000,0.00000,0.00000,0.00000,0.00000,0.00000,1.00000,0.10392,-0.00743,-0.04223,0.23357,0.02732,0.01720,0.00155,-0.00995,-0.02431,0.05175,0.19520,-0.03682,-0.02227,-0.01344,-0.01881,-0.04837,-0.03846,-0.03250,0.01537,0.02220,-0.02070,-0.04922,-0.00137,-0.03267,-0.02458,-0.02061,-0.03880,-0.00703,0.02904,-0.00097,0.00713,-0.01903,0.03202,-0.00590,-0.02236,0.01527,-0.02343,-0.05114,-0.02084,-0.02246,-0.04394,-0.01978,-0.02387,-0.00824,-0.01965,0.02390,-0.00742,-0.00201,-0.00857,-0.04189,-0.00198,0.03234,0.00219,0.01068,-0.01416,-0.01817,-0.00242,-0.02796,0.02530,-0.03101,-0.00166,-0.02527,-0.01815,0.09229,-0.00080
0.00000,0.00000,0.00000,0.00000,0.00000,0.00000,0.00000,0.00000,0.00000,0.00000,0.00000,0.00000,0.00000,0.00000,0.00000,0.00000,0.00000,0.00000,0.00000,0.00000,0.00000,0.00000,0.00000,0.00000,0.00000,0.00000,0.00000,0.00000,0.00000,0.00000,0.00000,0.00000,0.00000,0.00000,0.00000,1.00000,0.00909,-0.03647,-0.02261,-0.01688,0.03818,0.00151,0.00756,-0.01826,-0.00708,-0.03077,-0.03540,-0.01805,-0.00696,-0.00332,-0.03662,-0.03737,0.03645,-0.00359,-0.00975,-0.01397,-0.04492,0.02521,0.05409,-0.01070,-0.01072,-0.03050,0.04308,0.02593,-0.01744,-0.01168,-0.01879,0.05708,-0.02905,-0.00605,-0.01696,-0.02058,-0.05146,-0.00134,0.04416,-0.04081,-0.02079,0.01836,0.01474,-0.01954,0.01831,-0.01915,0.01764,0.01551,-0.01876,-0.01888,0.01486,0.05339,-0.04291,-0.00426,0.02371,-0.00460,-0.01697,0.00618,0.05206,0.23741,-0.00144,-0.01597,0.03753,-0.01649
0.00000,0.00000,0.00000,0.00000,0.00000,0.00000,0.00000,0.00000,0.00000,0.00000,0.00000,0.00000,0.00000,0.00000,0.00000,0.00000,0.00000,0.00000,0.00000,0.00000,0.00000,0.00000,0.00000,0.00000,0.00000,0.00000,0.00000,0.00000,0.00000,0.00000,0.00000,0.00000,0.00000,0.00000,0.00000,0.00000,1.00000,-0.01826,-0.00747,-0.01051,-0.02024,0.01764,-0.00408,-0.01197,-0.00694,0.01414,-0.01967,-0.01115,0.01053,-0.00972,-0.02779,-0.02194,0.04491,0.00958,-0.00420,-0.01377,-0.03378,-0.01058,-0.00275,-0.00894,0.00732,-0.00807,-0.02925,-0.01196,-0.00010,-0.01139,-0.00900,0.08116,0.01808,-0.01750,0.00971,0.00811,-0.01869,0.03612,-0.03536,-0.02334,-0.01217,0.25932,0.02031,-0.00500,0.00353,-0.00880,-0.01915,-0.01536,0.02385,0.01021,-0.02224,0.01122,-0.03800,-0.00770,-0.00614,-0.01005,0.00679,-0.00954,-0.01411,-0.00748,-0.00319,0.00522,-0.01329,-0.01053
0.00000,0.00000,0.00000,0.00000,0.00000,0.00000,0.00000,0.00000,0.00000,0.00000,0.00000,0.00000,0.00000,0.00000,0.00000,0.00000,0.00000,0.00000,0.00000,0.00000,0.00000,0.00000,0.00000,0.00000,0.00000,0.00000,0.00000,0.00000,0.00000,0.00000,0.00000,0.00000,0.00000,0.00000,0.00000,0.00000,0.00000,1.00000,-0.01444,-0.01137,-0.01306,-0.03180,-0.02162,-0.03917,-0.01557,0.04617,-0.05559,0.03272,-0.03124,-0.02718,-0.08198,-0.06241,0.05037,-0.03724,-0.00112,-0.03214,0.14179,-0.02566,-0.04594,-0.04096,-0.01960,-0.04364,-0.06913,-0.00470,0.08089,-0.02778,0.07305,-0.02997,-0.04384,-0.04092,-0.02217,0.09927,0.25050,0.12778,-0.07336,-0.05168,-0.02081,-0.01655,0.01318,-0.04551,-0.01676,-0.02769,-0.02727,0.06853,0.05518,0.00429,0.13664,-0.02263,-0.04134,0.01972,0.06176,0.10767,0.14158,0.06395,-0.01741,-0.02274,0.04409,-0.02926,0.04054,-0.01029
0.00000,0.00000,0.00000,0.00000,0.00000,0.00000,0.00000,0.00000,0.00000,0.00000,0.00000,0.00000,0.00000,0.00000,0.00000,0.00000,0.00000,0.00000,0.00000,0.00000,0.00000,0.00000,0.00000,0.00000,0.00000,0.00000,0.00000,0.00000,0.00000,0.00000,0.00000,0.00000,0.00000,0.00000,0.00000,0.00000,0.00000,0.00000,1.00000,-0.01900,-0.03382,0.03305,-0.02224,-0.03004,0.02518,0.17511,-0.03068,-0.02155,0.06198,0.00176,-0.05956,-0.04747,-0.04156,0.13379,0.20009,0.05139,-0.04499,0.02543,-0.04123,-0.01071,-0.02351,-0.04768,-0.04555,0.01752,-0.02495,-0.03765,-0.00821,-0.02657,0.02093,-0.00064,0.19925,-0.03056,-0.04847,-0.03775,0.00690,-0.05242,-0.02588,0.01886,-0.02905,-0.02953,-0.01937,-0.02224,-0.02025,-0.01850,-0.05280,0.04941,-0.03312,-0.00505,0.01199,-0.01832,-0.00976,-0.02414,-0.02885,0.00883,-0.05796,0.04215,-0.01108,-0.02836,-0.02988,0.00079
0.00000,0.00000,0.00000,0.00000,0.00000,0.00000,0.00000,0.00000,0.00000,0.00000,0.00000,0.00000,0.00000,0.00000,0.00000,0.00000,0.00000,0.00000,0.00000,0.00000,0.00000,0.00000,0.00000,0.00000,0.00000,0.00000,0.00000,0.00000,0.00000,0.00000,0.00000,0.00000,0.00000,0.00000,0.00000,0.00000,0.00000,0.00000,0.00000,1.00000,0.07498,-0.01449,0.00242,-0.01076,-0.01694,-0.01400,-0.02268,-0.00280,-0.01409,-0.00633,-0.02577,-0.02459,-0.02080,-0.01491,-0.01177,-0.00807,0.00937,-0.01007,-0.00584,-0.01558,-0.01234,-0.02170,-0.02699,-0.01131,0.01436,-0.01860,-0.00940,-0.01532,-0.02297,-0.00699,-0.01163,-0.01402,0.00038,0.00663,-0.02913,0.26918,-0.01285,-0.00778,-0.02329,-0.01799,-0.01122,0.00267,-0.01822,-0.01384,-0.02354,-0.01346,-0.02060,0.00904,0.00528,-0.00588,-0.01373,-0.01121,0.00170,-0.00993,-0.01347,-0.01021,-0.01373,-0.01875,-0.01047,-0.01649
0.00000,0.00000,0.00000,0.00000,0.00000,0.00000,0.00000,0.00000,0.00000,0.00000,0.00000,0.00000,0.00000,0.00000,0.00000,0.00000,0.00000,0.00000,0.00000,0.00000,0.00000,0.00000,0.00000,0.00000,0.00000,0.00000,0.00000,0.00000,0.00000,0.00000,0.00000,0.00000,0.00000,0.00000,0.00000,0.00000,0.00000,0.00000,0.00000,0.00000,1.00000,0.07239,-0.01445,-0.01008,-0.00846,-0.00130,-0.03767,-0.01884,-0.00970,0.01086,-0.06125,-0.04433,-0.03612,-0.01721,0.23003,0.00727,-0.05176,0.01189,-0.01362,-0.03179,-0.02073,-0.04316,-0.04125,-0.00232,-0.01257,-0.01973,0.00732,-0.02873,-0.02687,0.10163,-0.01808,-0.02414,-0.03475,-0.01830,-0.06285,0.29905,-0.01964,-0.02832,-0.01480,-0.01435,0.06230,-0.02931,-0.03602,-0.01877,-0.04690,-0.02233,-0.02526,-0.01972,0.12456,-0.01598,-0.01698,0.04335,0.02294,-0.02054,-0.02491,-0.01700,0.00346,-0.03364,0.05237,0.02620
0.00000,0.00000,0.00000,0.00000,0.00000,0.00000,0.00000,0.00000,0.00000,0.00000,0.00000,0.00000,0.00000,0.00000,0.00000,0.00000,0.00000,0.00000,0.00000,0.00000,0.00000,0.00000,0.00000,0.00000,0.00000,0.00000,0.00000,0.00000,0.00000,0.00000,0.00000,0.00000,0.00000,0.00000,0.00000,0.00000,0.00000,0.00000,0.00000,0.00000,0.00000,1.00000,-0.00100,-0.02286,0.00227,-0.03178,-0.00255,-0.02829,0.18165,0.00253,0.03640,-0.03718,-0.03426,-0.01281,0.09817,0.00353,-0.03276,0.02707,-0.04218,0.07353,-0.00171,-0.02655,-0.03520,0.02457,-0.02741,-0.00656,0.01644,-0.01003,-0.02584,0.07877,-0.00765,0.05355,-0.04418,-0.03014,-0.05740,-0.03521,-0.00721,0.05302,-0.02285,0.00456,-0.02388,0.05037,0.02028,-0.02259,-0.04719,0.01338,0.18390,0.00069,-0.01146,-0.01276,0.06109,0.04185,0.00976,0.01161,-0.00621,0.04735,0.05299,0.04639,0.00022,0.01685
0.00000,0.00000,0.00000,0.00000,0.00000,0.00000,0.00000,0.00000,0.00000,0.00000,0.00000,0.00000,0.00000,0.00000,0.00000,0.00000,0.00000,0.00000,0.00000,0.00000,0.00000,0.00000,0.00000,0.00000,0.00000,0.00000,0.00000,0.00000,0.00000,0.00000,0.00000,0.00000,0.00000,0.00000,0.00000,0.00000,0.00000,0.00000,0.00000,0.00000,0.00000,0.00000,1.00000,-0.01944,-0.02003,0.03889,-0.01184,0.03017,0.00405,-0.00984,-0.03370,-0.02814,0.00360,-0.01193,-0.01111,-0.00899,0.00577,-0.01291,0.01652,-0.01635,-0.01322,-0.02286,-0.03000,-0.00063,0.02522,-0.00801,0.01302,0.02219,-0.01410,-0.01370,0.00625,-0.00950,0.00572,-0.01424,-0.02799,0.14081,-0.01309,-0.00570,-0.01295,-0.01869,-0.01484,-0.01568,-0.01313,0.01645,-0.02992,-0.00891,-0.01786,0.01615,-0.02004,-0.00698,-0.00576,-0.01094,0.00592,-0.00737,-0.00920,-0.00540,-0.01383,-0.01415,-0.01207,-0.01652
0.00000,0.00000,0.00000,0.00000,0.00000,0.00000,0.00000,0.00000,0.00000,0.00000,0.00000,0.00000,0.00000,0.00000,0.00000,0.00000,0.00000,0.00000,0.00000,0.00000,0.00000,0.00000,0.00000,0.00000,0.00000,0.00000,0.00000,0.00000,0.00000,0.00000,0.00000,0.00000,0.00000,0.00000,0.00000,0.00000,0.00000,0.00000,0.00000,0.00000,0.00000,0.00000,0.00000,1.00000,-0.02711,-0.02124,-0.01967,0.05614,0.00585,0.00468,-0.04925,-0.04079,-0.03320,-0.00724,-0.01737,0.04456,-0.04620,-0.01018,-0.01296,-0.00058,-0.01736,-0.03861,0.14624,0.02747,-0.01167,0.04971,0.03832,0.04853,-0.03254,0.09067,-0.00350,0.02245,0.00732,-0.01863,-0.02129,-0.02662,-0.02035,-0.02635,0.00747,0.02292,0.10782,-0.01304,-0.01194,-0.01334,-0.03818,0.03026,-0.00857,-0.00674,-0.02386,-0.01075,0.08087,0.11666,-0.02702,-0.01442,0.09855,-0.01709,0.00000,-0.01425,-0.02162,-0.01645
0.00000,0.00000,0.00000,0.00000,0.00000,0.00000,0.00000,0.00000,0.00000,0.00000,0.00000,0.00000,0.00000,0.00000,0.00000,0.00000,0.00000,0.00000,0.00000,0.00000,0.00000,0.00000,0.00000,0.00000,0.00000,0.00000,0.00000,0.00000,0.00000,0.00000,0.00000,0.00000,0.00000,0.00000,0.00000,0.00000,0.00000,0.00000,0.00000,0.00000,0.00000,0.00000,0.00000,0.00000,1.00000,0.02966,-0.03993,-0.01225,-0.01813,-0.00645,-0.04761,0.38507,-0.03094,-0.00111,0.00734,-0.02823,-0.04201,0.03763,-0.02756,-0.02323,-0.01683,0.01614,-0.05407,0.03809,0.00427,0.01185,-0.01644,0.01024,-0.00598,-0.03051,-0.01095,-0.02023,-0.01207,-0.04303,-0.04931,-0.02915,-0.00862,0.04702,-0.03896,0.12225,-0.03023,0.02929,-0.04062,0.00621,-0.04113,0.11703,0.11342,-0.00164,-0.03541,-0.01466,-0.01839,0.02349,-0.02870,0.05626,0.01340,-0.01776,-0.02368,-0.01975,-0.00968,-0.00714
0.00000,0.00000,0.00000,0.00000,0.00000,0.00000,0.00000,0.00000,0.00000,0.00000,0.00000,0.00000,0.00000,0.00000,0.00000,0.00000,0.00000,0.00000,0.00000,0.00000,0.00000,0.00000,0.00000,0.00000,0.00000,0.00000,0.00000,0.00000,0.00000,0.00000,0.00000,0.00000,0.00000,0.00000,0.00000,0.00000,0.00000,0.00000,0.00000,0.00000,0.00000,0.00000,0.00000,0.00000,0.00000,1.00000,-0.04730,-0.02718,-0.01362,-0.01574,-0.07250,-0.05074,-0.04335,-0.01332,0.03077,0.03746,-0.04457,0.01545,-0.04911,-0.03726,-0.02582,-0.05275,-0.05811,-0.01467,-0.03609,-0.03610,-0.03202,-0.03702,0.02947,-0.00206,0.02588,-0.03292,0.08794,-0.02292,-0.04643,-0.02078,-0.02874,-0.03674,-0.01496,-0.03569,-0.02636,-0.01243,-0.00135,-0.01009,-0.04895,0.03796,-0.04718,-0.01565,0.04566,-0.01919,0.07279,0.02142,-0.01719,0.00771,-0.06653,-0.02231,0.02950,-0.03098,-0.02066,-0.02724
0.00000,0.00000,0.00000,0.00000,0.00000,0.00000,0.00000,0.00000,0.00000,0.00000,0.00000,0.00000,0.00000,0.00000,0.00000,0.00000,0.00000,0.00000,0.00000,0.00000,0.00000,0.00000,0.00000,0.00000,0.00000,0.00000,0.00000,0.00000,0.00000,0.00000,0.00000,0.00000,0.00000,0.00000,0.00000,0.00000,0.00000,0.00000,0.00000,0.00000,0.00000,0.00000,0.00000,0.00000,0.00000,0.00000,1.00000,-0.03282,-0.02708,0.13885,-0.06945,-0.02233,-0.04188,-0.03157,-0.02277,-0.03232,-0.06425,-0.02579,-0.04847,-0.02407,0.07743,-0.03338,-0.04275,-0.02360,-0.03054,-0.02432,-0.03000,0.01239,0.01228,-0.03033,-0.02692,0.00181,-0.06442,-0.01174,-0.03173,-0.05407,0.04043,-0.01593,-0.04412,-0.03269,-0.03060,-0.03565,-0.04305,-0.03283,-0.04580,-0.03529,-0.03734,-0.02994,-0.01619,-0.01718,-0.02891,0.01685,-0.03549,-0.01376,-0.07017,-0.01948,-0.00762,-0.04175,-0.02828,-0.03174
0.00000,0.00000,0.00000,0.00000,0.00000,0.00000,0.00000,0.00000,0.00000,0.00000,0.00000,0.00000,0.00000,0.00000,0.00000,0.00000,0.00000,0.00000,0.00000,0.00000,0.00000,0.00000,0.00000,0.00000,0.00000,0.00000,0.00000,0.00000,0.00000,0.00000,0.00000,0.00000,0.00000,0.00000,0.00000,0.00000,0.00000,0.00000,0.00000,0.00000,0.00000,0.00000,0.00000,0.00000,0.00000,0.00000,0.00000,1.00000,0.00720,-0.01610,-0.04772,-0.03700,-0.02663,-0.00493,-0.01214,-0.02336,0.02079,-0.01214,0.19072,-0.02040,-0.01830,-0.01746,-0.01375,-0.00804,0.03179,0.01690,0.00735,-0.01977,-0.03096,-0.02137,-0.00396,-0.00044,0.01791,0.01373,-0.00364,-0.02847,-0.01178,0.10592,0.03357,-0.02346,0.08828,-0.01858,0.03375,-0.01694,0.05026,0.01528,0.06130,0.00967,-0.03704,0.00289,0.00382,-0.02108,-0.02428,0.18404,-0.00130,-0.01453,-0.00762,-0.01715,-0.00654,0.01858
0.00000,0.00000,0.00000,0.00000,0.00000,0.00000,0.00000,0.00000,0.00000,0.00000,0.00000,0.00000,0.00000,0.00000,0.00000,0.00000,0.00000,0.00000,0.00000,0.00000,0.00000,0.00000,0.00000,0.00000,0.00000,0.00000,0.00000,0.00000,0.00000,0.00000,0.00000,0.00000,0.00000,0.00000,0.00000,0.00000,0.00000,0.00000,0.00000,0.00000,0.00000,0.00000,0.00000,0.00000,0.00000,0.00000,0.00000,0.00000,1.00000,-0.01446,-0.03482,-0.03171,-0.01704,0.00592,0.05069,-0.00255,-0.03602,-0.01296,-0.03088,-0.02462,-0.01583,-0.02202,-0.03648,-0.01416,-0.01907,-0.02526,-0.01750,-0.00731,0.00567,-0.01464,0.02658,0.02885,-0.03103,-0.00849,-0.00019,-0.03611,-0.01735,0.00061,0.00050,-0.01384,-0.00123,-0.00266,-0.00962,-0.00886,-0.00887,-0.00586,-0.00947,-0.00397,0.13132,-0.01093,0.01243,-0.01917,-0.01172,0.00368,-0.02030,0.00927,-0.02022,-0.01546,0.03348,0.23086
0.00000,0.00000,0.00000,0.00000,0.00000,0.00000,0.00000,0.00000,0.00000,0.00000,0.00000,0.00000,0.00000,0.00000,0.00000,0.00000,0.00000,0.00000,0.00000,0.00000,0.00000,0.00000,0.00000,0.00000,0.00000,0.00000,0.00000,0.00000,0.00000,0.00000,0.00000,0.00000,0.00000,0.00000,0.00000,0.00000,0.00000,0.00000,0.00000,0.00000,0.00000,0.00000,0.00000,0.00000,0.00000,0.00000,0.00000,0.00000,0.00000,1.00000,-0.01090,-0.02247,-0.00896,-0.01661,-0.01272,-0.01723,-0.00638,-0.01134,-0.01756,0.01288,-0.00515,-0.01342,-0.02464,-0.01408,-0.01630,0.00509,-0.00755,-0.01197,-0.01192,-0.01511,-0.01187,-0.00828,-0.00165,-0.02264,-0.02524,0.05058,-0.01034,-0.01742,-0.01129,-0.01043,-0.01693,-0.01173,-0.02120,-0.01365,-0.02148,-0.01501,-0.02354,-0.01430,0.09384,-0.00942,-0.00980,0.02790,-0.01436,0.00261,-0.02642,-0.00733,-0.01489,-0.01923,-0.01218,0.00793
0.00000,0.00000,0.00000,0.00000,0.00000,0.00000,0.00000,0.00000,0.00000,0.00000,0.00000,0.00000,0.00000,0.00000,0.00000,0.00000,0.00000,0.00000,0.00000,0.00000,0.00000,0.00000,0.00000,0.00000,0.00000,0.00000,0.00000,0.00000,0.00000,0.00000,0.00000,0.00000,0.00000,0.00000,0.00000,0.00000,0.00000,0.00000,0.00000,0.00000,0.00000,0.00000,0.00000,0.00000,0.00000,0.00000,0.00000,0.00000,0.00000,0.00000,1.00000,-0.03067,-0.06711,-0.04940,-0.03196,-0.04760,0.06188,0.02189,-0.07609,0.39398,0.00608,-0.02145,-0.09643,-0.04412,-0.04596,0.09133,0.02284,0.08938,-0.06919,-0.01146,-0.03069,-0.05343,-0.10396,-0.04505,-0.09691,-0.08837,-0.02127,-0.04160,-0.06188,-0.01964,-0.03352,0.30831,-0.06975,-0.03717,-0.08658,-0.03790,-0.06618,-0.00386,-0.11189,-0.02847,-0.02599,-0.00581,-0.05398,0.01521,-0.10408,-0.01646,-0.02551,0.24065,-0.00619,-0.04239
0.00000,0.00000,0.00000,0.00000,0.00000,0.00000,0.00000,0.00000,0.00000,0.00000,0.00000,0.00000,0.00000,0.00000,0.00000,0.00000,0.00000,0.00000,0.00000,0.00000,0.00000,0.00000,0.00000,0.00000,0.00000,0.00000,0.00000,0.00000,0.00000,0.00000,0.00000,0.00000,0.00000,0.00000,0.00000,0.00000,0.00000,0.00000,0.00000,0.00000,0.00000,0.00000,0.00000,0.00000,0.00000,0.00000,0.00000,0.00000,0.00000,0.00000,0.00000,1.00000,-0.04873,-0.03319,-0.02793,-0.01408,-0.05947,-0.01305,-0.05225,-0.01890,-0.02634,0.12677,-0.06667,-0.02847,-0.01768,-0.02980,-0.02378,0.03598,0.06886,-0.03017,-0.02279,-0.03756,-0.06847,-0.05677,-0.03577,-0.06032,0.00510,-0.00140,-0.04339,0.19510,-0.04070,-0.02994,-0.06099,-0.02719,-0.05900,-0.03841,-0.04144,-0.03087,-0.02398,-0.01184,-0.03504,-0.03308,-0.03084,-0.02809,-0.07332,-0.02462,-0.03212,-0.03462,-0.03584,-0.03712
0.00000,0.00000,0.00000,0.00000,0.00000,0.00000,0.00000,0.00000,0.00000,0.00000,0.00000,0.00000,0.00000,0.00000,0.00000,0.00000,0.00000,0.00000,0.00000,0.00000,0.00000,0.00000,0.00000,0.00000,0.00000,0.00000,0.00000,0.00000,0.00000,0.00000,0.00000,0.00000,0.00000,0.00000,0.00000,0.00000,0.00000,0.00000,0.00000,0.00000,0.00000,0.00000,0.00000,0.00000,0.00000,0.00000,0.00000,0.00000,0.00000,0.00000,0.00000,0.00000,1.00000,-0.03000,-0.02267,-0.02988,-0.03367,-0.01905,-0.04577,-0.03260,0.00486,-0.02381,-0.06109,-0.01959,0.02653,0.01636,0.05938,-0.03057,-0.04230,-0.03003,-0.02533,-0.02965,-0.04766,-0.04671,-0.05497,-0.04596,-0.02065,-0.01103,0.14229,-0.02233,0.04152,-0.03182,-0.03155,0.01079,0.25496,0.00219,-0.04049,-0.02818,-0.04997,-0.01430,-0.02442,-0.03012,-0.00059,-0.02274,-0.06798,-0.00763,0.02108,0.04062,0.06508,0.01494
0.00000,0.00000,0.00000,0.00000,0.00000,0.00000,0.00000,0.00000,0.00000,0.00000,0.00000,0.00000,0.00000,0.00000,0.00000,0.00000,0.00000,0.00000,0.00000,0.00000,0.00000,0.00000,0.00000,0.00000,0.00000,0.00000,0.00000,0.00000,0.00000,0.00000,0.00000,0.00000,0.00000,0.00000,0.00000,0.00000,0.00000,0.00000,0.00000,0.00000,0.00000,0.00000,0.00000,0.00000,0.00000,0.00000,0.00000,0.00000,0.00000,0.00000,0.00000,0.00000,0.00000,1.00000,-0.01559,-0.02070,-0.04409,0.09559,-0.01854,0.00891,-0.01069,-0.03079,-0.00781,0.05416,0.00962,-0.00670,0.05549,-0.00963,0.05795,-0.01570,0.08450,-0.02178,-0.04496,0.01920,0.00220,-0.03360,0.02815,0.03876,-0.02419,-0.01604,-0.01181,-0.00171,0.04393,-0.00177,-0.03462,-0.01521,-0.01304,-0.01728,0.08094,-0.01286,0.01172,-0.01539,-0.00939,-0.00985,-0.01653,0.05598,-0.01937,-0.00413,0.00427,-0.00135
0.00000,0.00000,0.00000,0.00000,0.00000,0.00000,0.00000,0.00000,0.00000,0.00000,0.00000,0.00000,0.00000,0.00000,0.00000,0.00000,0.00000,0.00000,0.00000,0.00000,0.00000,0.00000,0.00000,0.00000,0.00000,0.00000,0.00000,0.00000,0.00000,0.00000,0.00000,0.00000,0.00000,0.00000,0.00000,0.00000,0.00000,0.00000,0.00000,0.00000,0.00000,0.00000,0.00000,0.00000,0.00000,0.00000,0.00000,0.00000,0.00000,0.00000,0.00000,0.00000,0.00000,0.00000,1.00000,-0.01545,-0.01827,0.04926,-0.00619,-0.01324,-0.01398,-0.02192,-0.03287,-0.01073,0.00161,-0.01639,0.07181,-0.00641,-0.01906,-0.01894,0.00219,-0.00066,-0.03436,-0.02072,-0.02485,-0.01729,-0.01439,-0.00131,-0.00934,-0.02047,-0.00717,-0.00337,0.00411,-0.01397,-0.02208,-0.00941,-0.00234,0.02932,0.05466,-0.00344,-0.00899,-0.00550,-0.01359,0.00186,-0.03024,-0.00101,-0.01822,-0.01615,-0.01153,-0.00197
0.00000,0.00000,0.00000,0.00000,0.00000,0.00000,0.00000,0.00000,0.00000,0.00000,0.00000,0.00000,0.00000,0.00000,0.00000,0.00000,0.00000,0.00000,0.00000,0.00000,0.00000,0.00000,0.00000,0.00000,0.00000,0.00000,0.00000,0.00000,0.00000,0.00000,0.00000,0.00000,0.00000,0.00000,0.00000,0.00000,0.00000,0.00000,0.00000,0.00000,0.00000,0.00000,0.00000,0.00000,0.00000,0.00000,0.00000,0.00000,0.00000,0.00000,0.00000,0.00000,0.00000,0.00000,0.00000,1.00000,-0.02674,0.00622,-0.03320,0.05774,-0.01217,-0.01452,-0.03544,0.25460,-0.01390,-0.02743,-0.02166,0.03451,-0.02335,0.57097,-0.00475,-0.01306,-0.00581,-0.03627,-0.02073,-0.04153,-0.01623,-0.01824,0.02576,-0.02082,0.01030,-0.01325,-0.03978,-0.02096,-0.03387,-0.01330,-0.02934,-0.00876,0.05091,-0.01114,-0.01112,0.04826,0.11456,-0.01291,-0.04533,-0.01548,-0.00314,-0.00482,0.05516,0.00086
0.00000,0.00000,0.00000,0.00000,0.00000,0.00000,0.00000,0.00000,0.00000,0.00000,0.00000,0.00000,0.00000,0.00000,0.00000,0.00000,0.00000,0.00000,0.00000,0.00000,0.00000,0.00000,0.00000,0.00000,0.00000,0.00000,0.00000,0.00000,0.00000,0.00000,0.00000,0.00000,0.00000,0.00000,0.00000,0.00000,0.00000,0.00000,0.00000,0.00000,0.00000,0.00000,0.00000,0.00000,0.00000,0.00000,0.00000,0.00000,0.00000,0.00000,0.00000,0.00000,0.00000,0.00000,0.00000,0.00000,1.00000,0.02436,-0.05733,0.01555,-0.03504,-0.02376,-0.07957,-0.01194,0.06754,-0.00111,0.03216,-0.02656,-0.06504,-0.00740,-0.02180,0.01492,0.16293,-0.04387,-0.09307,-0.05911,-0.03442,-0.00123,-0.02023,-0.05031,-0.02197,-0.00982,-0.06439,-0.03731,-0.07087,-0.04196,-0.06188,0.09878,-0.07143,-0.01602,0.03443,-0.03403,0.13477,0.00088,-0.09478,-0.02696,0.07352,0.07808,-0.01525,-0.00953
0.00000,0.00000,0.00000,0.00000,0.00000,0.00000,0.00000,0.00000,0.00000,0.00000,0.00000,0.00000,0.00000,0.00000,0.00000,0.00000,0.00000,0.00000,0.00000,0.00000,0.00000,0.00000,0.00000,0.00000,0.00000,0.00000,0.00000,0.00000,0.00000,0.00000,0.00000,0.00000,0.00000,0.00000,0.00000,0.00000,0.00000,0.00000,0.00000,0.00000,0.00000,0.00000,0.00000,0.00000,0.00000,0.00000,0.00000,0.00000,0.00000,0.00000,0.00000,0.00000,0.00000,0.00000,0.00000,0.00000,0.00000,1.00000,0.01251,0.14000,-0.01367,-0.01946,-0.02184,-0.01095,0.05351,-0.01449,0.00005,-0.01124,0.02860,0.04328,-0.01269,0.00003,-0.02048,0.01947,-0.02873,-0.01007,-0.01251,-0.01419,0.09193,-0.01122,0.05937,0.05686,-0.02593,0.06787,-0.02276,-0.00028,0.07922,0.00356,-0.02334,-0.00834,-0.00494,0.03823,0.08715,-0.00556,-0.01429,-0.00987,-0.00313,0.08328,-0.01328,-0.00718
0.00000,0.00000,0.00000,0.00000,0.00000,0.00000,0.00000,0.00000,0.00000,0.00000,0.00000,0.00000,0.00000,0.00000,0.00000,0.00000,0.00000,0.00000,0.00000,0.00000,0.00000,0.00000,0.00000,0.00000,0.00000,0.00000,0.00000,0.00000,0.00000,0.00000,0.00000,0.00000,0.00000,0.00000,0.00000,0.00000,0.00000,0.00000,0.00000,0.00000,0.00000,0.00000,0.00000,0.00000,0.00000,0.00000,0.00000,0.00000,0.00000,0.00000,0.00000,0.00000,0.00000,0.00000,0.00000,0.00000,0.00000,0.00000,1.00000,-0.04779,-0.02561,-0.04628,-0.04613,0.01166,0.00825,-0.03522,-0.00013,0.03762,-0.04953,-0.03616,-0.02652,-0.02588,-0.06574,-0.02882,-0.04245,-0.01455,-0.02926,0.01620,0.01885,-0.00060,0.05372,-0.01574,-0.04782,0.04428,-0.04650,-0.01556,0.05756,0.05779,-0.07502,0.00059,-0.01757,-0.01442,-0.03606,-0.00110,0.02351,-0.02268,-0.03447,-0.03464,0.03161,-0.03313
0.00000,0.00000,0.00000,0.00000,0.00000,0.00000,0.00000,0.00000,0.00000,0.00000,0.00000,0.00000,0.00000,0.00000,0.00000,0.00000,0.00000,0.00000,0.00000,0.00000,0.00000,0.00000,0.00000,0.00000,0.00000,0.00000,0.00000,0.00000,0.00000,0.00000,0.00000,0.00000,0.00000,0.00000,0.00000,0.00000,0.00000,0.00000,0.00000,0.00000,0.00000,0.00000,0.00000,0.00000,0.00000,0.00000,0.00000,0.00000,0.00000,0.00000,0.00000,0.00000,0.00000,0.00000,0.00000,0.00000,0.00000,0.00000,0.00000,1.00000,0.03052,-0.00492,-0.04255,-0.02364,-0.02385,0.09852,0.02815,-0.00282,-0.02320,0.04809,-0.00343,-0.02373,-0.05768,-0.01516,-0.06368,-0.05651,-0.02053,-0.02165,-0.01808,0.02250,0.03893,0.16813,-0.03100,0.00728,-0.05344,-0.01559,-0.03401,-0.02026,-0.05855,-0.01752,-0.00546,0.04878,-0.00849,0.02478,-0.06187,-0.01517,-0.01321,0.08615,-0.00161,-0.02859
0.00000,0.00000,0.00000,0.00000,0.00000,0.00000,0.00000,0.00000,0.00000,0.00000,0.00000,0.00000,0.00000,0.00000,0.00000,0.00000,0.00000,0.00000,0.00000,0.00000,0.00000,0.00000,0.00000,0.00000,0.00000,0.00000,0.00000,0.00000,0.00000,0.00000,0.00000,0.00000,0.00000,0.00000,0.00000,0.00000,0.00000,0.00000,0.00000,0.00000,0.00000,0.00000,0.00000,0.00000,0.00000,0.00000,0.00000,0.00000,0.00000,0.00000,0.00000,0.00000,0.00000,0.00000,0.00000,0.00000,0.00000,0.00000,0.00000,0.00000,1.00000,0.00576,-0.02855,-0.01464,-0.01659,-0.00991,0.00411,-0.01284,0.00619,-0.01673,-0.01561,-0.01552,-0.02693,-0.01455,0.08461,-0.03196,0.10081,0.00952,0.03715,0.06292,-0.01801,0.01530,-0.02403,-0.01841,0.06630,-0.00626,-0.02360,-0.01419,-0.03888,0.04925,-0.00435,0.00184,-0.01589,-0.00131,-0.03311,-0.01228,-0.01761,-0.01132,0.07355,-0.01816
0.00000,0.00000,0.00000,0.00000,0.00000,0.00000,0.00000,0.00000,0.00000,0.00000,0.00000,0.00000,0.00000,0.00000,0.00000,0.00000,0.00000,0.00000,0.00000,0.00000,0.00000,0.00000,0.00000,0.00000,0.00000,0.00000,0.00000,0.00000,0.00000,0.00000,0.00000,0.00000,0.00000,0.00000,0.00000,0.00000,0.00000,0.00000,0.00000,0.00000,0.00000,0.00000,0.00000,0.00000,0.00000,0.00000,0.00000,0.00000,0.00000,0.00000,0.00000,0.00000,0.00000,0.00000,0.00000,0.00000,0.00000,0.00000,0.00000,0.00000,0.00000,1.00000,-0.06961,-0.01119,-0.02601,-0.02316,-0.01148,0.00379,-0.04513,-0.02399,-0.02543,-0.02871,-0.05027,-0.03352,-0.06537,-0.06402,0.22720,-0.00011,-0.02758,0.09098,-0.03010,-0.00449,-0.05697,-0.02639,-0.03046,-0.03719,-0.04776,-0.00569,-0.05712,-0.02044,-0.03171,-0.02018,-0.02615,0.00715,-0.07178,-0.02286,-0.03092,0.00200,-0.01599,-0.03079
0.00000,0.00000,0.00000,0.00000,0.00000,0.00000,0.00000,0.00000,0.00000,0.00000,0.00000,0.00000,0.00000,0.00000,0.00000,0.00000,0.00000,0.00000,0.00000,0.00000,0.00000,0.00000,0.00000,0.00000,0.00000,0.00000,0.00000,0.00000,0.00000,0.00000,0.00000,0.00000,0.00000,0.00000,0.00000,0.00000,0.00000,0.00000,0.00000,0.00000,0.00000,0.00000,0.00000,0.00000,0.00000,0.00000,0.00000,0.00000,0.00000,0.00000,0.00000,0.00000,0.00000,0.00000,0.00000,0.00000,0.00000,0.00000,0.00000,0.00000,0.00000,0.00000,1.00000,-0.03491,-0.01608,0.00701,-0.03080,0.01882,-0.02094,0.00498,-0.02968,-0.02656,-0.08347,0.05056,0.28730,-0.06213,-0.03675,-0.01235,-0.04422,-0.03064,0.02654,-0.04633,0.03223,-0.02703,-0.07210,-0.03175,-0.05471,0.00988,-0.09498,-0.01338,-0.02887,-0.04192,-0.04729,-0.03006,0.15469,0.00321,0.01528,-0.04508,-0.01935,-0.04037
0.00000,0.00000,0.00000,0.00000,0.00000,0.00000,0.00000,0.00000,0.00000,0.00000,0.00000,0.00000,0.00000,0.00000,0.00000,0.00000,0.00000,0.00000,0.00000,0.00000,0.00000,0.00000,0.00000,0.00000,0.00000,0.00000,0.00000,0.00000,0.00000,0.00000,0.00000,0.00000,0.00000,0.00000,0.00000,0.00000,0.00000,0.00000,0.00000,0.00000,0.00000,0.00000,0.00000,0.00000,0.00000,0.00000,0.00000,0.00000,0.00000,0.00000,0.00000,0.00000,0.00000,0.00000,0.00000,0.00000,0.00000,0.00000,0.00000,0.00000,0.00000,0.00000,0.00000,1.00000,0.01183,-0.00853,-0.01528,0.00552,-0.03121,0.24983,0.07809,-0.00403,-0.02580,-0.00970,-0.04554,-0.03389,-0.00959,-0.02027,0.00092,-0.02286,0.05874,0.01580,-0.03032,-0.01533,-0.01744,0.04723,0.03842,-0.01366,0.05752,0.18542,0.00421,0.00031,0.05443,-0.01135,0.01664,-0.01028,-0.01308,-0.02210,0.00062,-0.00970
0.00000,0.00000,0.00000,0.00000,0.00000,0.00000,0.00000,0.00000,0.00000,0.00000,0.00000,0.00000,0.00000,0.00000,0.00000,0.00000,0.00000,0.00000,0.00000,0.00000,0.00000,0.00000,0.00000,0.00000,0.00000,0.00000,0.00000,0.00000,0.00000,0.00000,0.00000,0.00000,0.00000,0.00000,0.00000,0.00000,0.00000,0.00000,0.00000,0.00000,0.00000,0.00000,0.00000,0.00000,0.00000,0.00000,0.00000,0.00000,0.00000,0.00000,0.00000,0.00000,0.00000,0.00000,0.00000,0.00000,0.00000,0.00000,0.00000,0.00000,0.00000,0.00000,0.00000,0.00000,1.00000,-0.00219,0.07087,-0.00138,-0.02686,-0.01366,0.05667,-0.02536,0.00229,0.06311,-0.02425,0.05059,-0.01498,-0.00447,0.03012,-0.00656,0.00860,-0.02328,-0.01951,0.00617,0.00719,-0.02096,0.05391,-0.00251,-0.01781,-0.00910,0.02174,-0.02043,0.05523,-0.01633,0.00905,-0.01201,-0.01926,0.00806,-0.01605,-0.02204
0.00000,0.00000,0.00000,0.00000,0.00000,0.00000,0.00000,0.00000,0.00000,0.00000,0.00000,0.00000,0.00000,0.00000,0.00000,0.00000,0.00000,0.00000,0.00000,0.00000,0.00000,0.00000,0.00000,0.00000,0.00000,0.00000,0.00000,0.00000,0.00000,0.00000,0.00000,0.00000,0.00000,0.00000,0.00000,0.00000,0.00000,0.00000,0.00000,0.00000,0.00000,0.00000,0.00000,0.00000,0.00000,0.00000,0.00000,0.00000,0.00000,0.00000,0.00000,0.00000,0.00000,0.00000,0.00000,0.00000,0.00000,0.00000,0.00000,0.00000,0.00000,0.00000,0.00000,0.00000,0.00000,1.00000,0.08451,-0.01537,-0.03653,0.00470,0.01910,-0.02495,-0.05013,0.02838,0.00021,-0.01827,-0.00960,-0.00927,-0.02000,0.01029,0.00342,0.12562,0.03092,-0.01810,-0.01112,0.01538,-0.01988,0.02714,-0.04493,-0.01593,-0.01838,-0.02494,-0.02427,-0.00157,0.01758,-0.01782,-0.01419,0.10788,-0.00654,-0.02678
0.00000,0.00000,0.00000,0.00000,0.00000,0.00000,0.00000,0.00000,0.00000,0.00000,0.00000,0.00000,0.00000,0.00000,0.00000,0.00000,0.00000,0.00000,0.00000,0.00000,0.00000,0.00000,0.00000,0.00000,0.00000,0.00000,0.00000,0.00000,0.00000,0.00000,0.00000,0.00000,0.00000,0.00000,0.00000,0.00000,0.00000,0.00000,0.00000,0.00000,0.00000,0.00000,0.00000,0.00000,0.00000,0.00000,0.00000,0.00000,0.00000,0.00000,0.00000,0.00000,0.00000,0.00000,0.00000,0.00000,0.00000,0.00000,0.00000,0.00000,0.00000,0.00000,0.00000,0.00000,0.00000,0.00000,1.00000,-0.01955,-0.01984,-0.01043,-0.00965,-0.00513,-0.03384,0.05747,-0.04254,-0.01135,-0.01038,0.01695,-0.01801,-0.01015,-0.02093,0.11999,0.00876,-0.00487,-0.01508,0.04681,-0.00531,-0.01199,-0.04223,-0.00457,0.02023,-0.01771,0.11016,-0.01254,0.03382,-0.00721,0.02388,-0.00877,0.01639,-0.00786
0.00000,0.00000,0.00000,0.00000,0.00000,0.00000,0.00000,0.00000,0.00000,0.00000,0.00000,0.00000,0.00000,0.00000,0.00000,0.00000,0.00000,0.00000,0.00000,0.00000,0.00000,0.00000,0.00000,0.00000,0.00000,0.00000,0.00000,0.00000,0.00000,0.00000,0.00000,0.00000,0.00000,0.00000,0.00000,0.00000,0.00000,0.00000,0.00000,0.00000,0.00000,0.00000,0.00000,0.00000,0.00000,0.00000,0.00000,0.00000,0.00000,0.00000,0.00000,0.00000,0.00000,0.00000,0.00000,0.00000,0.00000,0.00000,0.00000,0.00000,0.00000,0.00000,0.00000,0.00000,0.00000,0.00000,0.00000,1.00000,-0.02011,0.04046,0.00585,0.00092,-0.05054,-0.00604,-0.02019,-0.03645,-0.01935,-0.01865,0.02418,-0.01453,0.10664,0.06937,-0.01364,-0.02103,-0.01365,-0.01774,-0.00723,0.04177,-0.05493,-0.01319,-0.02430,-0.01199,0.00237,-0.01220,-0.03176,0.00629,-0.02221,0.01554,0.00100,-0.01629
0.00000,0.00000,0.00000,0.00000,0.00000,0.00000,0.00000,0.00000,0.00000,0.00000,0.00000,0.00000,0.00000,0.00000,0.00000,0.00000,0.00000,0.00000,0.00000,0.00000,0.00000,0.00000,0.00000,0.00000,0.00000,0.00000,0.00000,0.00000,0.00000,0.00000,0.00000,0.00000,0.00000,0.00000,0.00000,0.00000,0.00000,0.00000,0.00000,0.00000,0.00000,0.00000,0.00000,0.00000,0.00000,0.00000,0.00000,0.00000,0.00000,0.00000,0.00000,0.00000,0.00000,0.00000,0.00000,0.00000,0.00000,0.00000,0.00000,0.00000,0.00000,0.00000,0.00000,0.00000,0.00000,0.00000,0.00000,0.00000,1.00000,-0.02933,0.01168,-0.03622,-0.06994,-0.05038,0.03979,-0.05432,-0.02351,-0.01810,-0.03688,-0.02864,-0.03484,-0.03257,0.00789,-0.01627,-0.04516,0.09364,-0.04349,-0.00351,0.08082,-0.01866,-0.02478,-0.03321,-0.02473,-0.01840,-0.05632,-0.01157,-0.02032,-0.02946,-0.02107,0.07491
0.00000,0.00000,0.00000,0.00000,0.00000,0.00000,0.00000,0.00000,0.00000,0.00000,0.00000,0.00000,0.00000,0.00000,0.00000,0.00000,0.00000,0.00000,0.00000,0.00000,0.00000,0.00000,0.00000,0.00000,0.00000,0.00000,0.00000,0.00000,0.00000,0.00000,0.00000,0.00000,0.00000,0.00000,0.00000,0.00000,0.00000,0.00000,0.00000,0.00000,0.00000,0.00000,0.00000,0.00000,0.00000,0.00000,0.00000,0.00000,0.00000,0.00000,0.00000,0.00000,0.00000,0.00000,0.00000,0.00000,0.00000,0.00000,0.00000,0.00000,0.00000,0.00000,0.00000,0.00000,0.00000,0.00000,0.00000,0.00000,0.00000,1.00000,0.01398,-0.00204,-0.04595,-0.02828,-0.04436,-0.02587,-0.01876,-0.01034,0.01586,0.00959,0.07753,-0.01248,-0.01842,-0.01932,-0.04016,-0.01325,-0.03332,-0.01179,0.06538,-0.01105,-0.00189,0.05348,0.12316,-0.01299,-0.03966,-0.01188,-0.02553,-0.00882,-0.00602,0.03565
0.00000,0.00000,0.00000,0.00000,0.00000,0.00000,0.00000,0.00000,0.00000,0.00000,0.00000,0.00000,0.00000,0.00000,0.00000,0.00000,0.00000,0.00000,0.00000,0.00000,0.00000,0.00000,0.00000,0.00000,0.00000,0.00000,0.00000,0.00000,0.00000,0.00000,0.00000,0.00000,0.00000,0.00000,0.00000,0.00000,0.00000,0.00000,0.00000,0.00000,0.00000,0.00000,0.00000,0.00000,0.00000,0.00000,0.00000,0.00000,0.00000,0.00000,0.00000,0.00000,0.00000,0.00000,0.00000,0.00000,0.00000,0.00000,0.00000,0.00000,0.00000,0.00000,0.00000,0.00000,0.00000,0.00000,0.00000,0.00000,0.00000,0.00000,1.00000,-0.01627,-0.03581,-0.03045,-0.03878,-0.02890,-0.01537,0.01515,-0.02734,0.01024,0.00299,0.00965,-0.01321,-0.01777,-0.02898,0.04467,-0.02200,0.02081,0.10778,-0.00868,-0.01742,-0.01782,-0.01295,-0.00703,-0.03599,-0.00849,-0.01297,0.02594,-0.01429,-0.01395
0.00000,0.00000,0.00000,0.00000,0.00000,0.00000,0.00000,0.00000,0.00000,0.00000,0.00000,0.00000,0.00000,0.00000,0.00000,0.00000,0.00000,0.00000,0.00000,0.00000,0.00000,0.00000,0.00000,0.00000,0.00000,0.00000,0.00000,0.00000,0.00000,0.00000,0.00000,0.00000,0.00000,0.00000,0.00000,0.00000,0.00000,0.00000,0.00000,0.00000,0.00000,0.00000,0.00000,0.00000,0.00000,0.00000,0.00000,0.00000,0.00000,0.00000,0.00000,0.00000,0.00000,0.00000,0.00000,0.00000,0.00000,0.00000,0.00000,0.00000,0.00000,0.00000,0.00000,0.00000,0.00000,0.00000,0.00000,0.00000,0.00000,0.00000,0.00000,1.00000,0.23841,-0.02435,-0.05125,-0.04142,-0.01438,-0.01277,-0.03422,-0.02704,0.06106,-0.02382,-0.03665,0.08238,-0.03952,-0.00471,-0.03039,0.00808,-0.02287,0.00209,0.04744,-0.02193,0.05506,-0.00677,-0.03794,-0.01598,0.08870,-0.01766,0.00526,-0.01825
0.00000,0.00000,0.00000,0.00000,0.00000,0.00000,0.00000,0.00000,0.00000,0.00000,0.00000,0.00000,0.00000,0.00000,0.00000,0.00000,0.00000,0.00000,0.00000,0.00000,0.00000,0.00000,0.00000,0.00000,0.00000,0.00000,0.00000,0.00000,0.00000,0.00000,0.00000,0.00000,0.00000,0.00000,0.00000,0.00000,0.00000,0.00000,0.00000,0.00000,0.00000,0.00000,0.00000,0.00000,0.00000,0.00000,0.00000,0.00000,0.00000,0.00000,0.00000,0.00000,0.00000,0.00000,0.00000,0.00000,0.00000,0.00000,0.00000,0.00000,0.00000,0.00000,0.00000,0.00000,0.00000,0.00000,0.00000,0.00000,0.00000,0.00000,0.00000,0.00000,1.00000,-0.01266,-0.10025,-0.01957,-0.03808,-0.04114,-0.06592,-0.05806,-0.01295,-0.04607,-0.06408,0.06459,-0.06903,-0.02834,-0.05416,-0.01350,-0.06761,-0.01715,-0.02484,0.02915,0.07751,0.01384,-0.07379,-0.02961,-0.00335,-0.05012,-0.01706,-0.03419
0.00000,0.00000,0.00000,0.00000,0.00000,0.00000,0.00000,0.00000,0.00000,0.00000,0.00000,0.00000,0.00000,0.00000,0.00000,0.00000,0.00000,0.00000,0.00000,0.00000,0.00000,0.00000,0.00000,0.00000,0.00000,0.00000,0.00000,0.00000,0.00000,0.00000,0.00000,0.00000,0.00000,0.00000,0.00000,0.00000,0.00000,0.00000,0.00000,0.00000,0.00000,0.00000,0.00000,0.00000,0.00000,0.00000,0.00000,0.00000,0.00000,0.00000,0.00000,0.00000,0.00000,0.00000,0.00000,0.00000,0.00000,0.00000,0.00000,0.00000,0.00000,0.00000,0.00000,0.00000,0.00000,0.00000,0.00000,0.00000,0.00000,0.00000,0.00000,0.00000,0.00000,1.00000,0.04220,-0.03142,0.00015,-0.02256,0.07396,-0.03230,-0.01419,0.00724,0.09907,0.00941,0.02956,-0.03857,0.03010,-0.02806,-0.07326,-0.01330,0.04728,0.01434,0.01728,-0.01723,0.05043,-0.02011,-0.01012,-0.03318,0.03875,-0.03139
0.00000,0.00000,0.00000,0.00000,0.00000,0.00000,0.00000,0.00000,0.00000,0.00000,0.00000,0.00000,0.00000,0.00000,0.00000,0.00000,0.00000,0.00000,0.00000,0.00000,0.00000,0.00000,0.00000,0.00000,0.00000,0.00000,0.00000,0.00000,0.00000,0.00000,0.00000,0.00000,0.00000,0.00000,0.00000,0.00000,0.00000,0.00000,0.00000,0.00000,0.00000,0.00000,0.00000,0.00000,0.00000,0.00000,0.00000,0.00000,0.00000,0.00000,0.00000,0.00000,0.00000,0.00000,0.00000,0.00000,0.00000,0.00000,0.00000,0.00000,0.00000,0.00000,0.00000,0.00000,0.00000,0.00000,0.00000,0.00000,0.00000,0.00000,0.00000,0.00000,0.00000,0.00000,1.00000,-0.08077,-0.03516,0.00103,-0.05772,-0.04152,-0.01260,-0.05468,0.00969,-0.03761,-0.08081,-0.03884,-0.05626,-0.02197,-0.07071,0.02572,-0.02815,-0.04142,-0.05228,-0.02507,0.03795,0.00806,-0.03382,-0.06007,-0.05222,-0.04928
0.00000,0.00000,0.00000,0.00000,0.00000,0.00000,0.00000,0.00000,0.00000,0.00000,0.00000,0.00000,0.00000,0.00000,0.00000,0.00000,0.00000,0.00000,0.00000,0.00000,0.00000,0.00000,0.00000,0.00000,0.00000,0.00000,0.00000,0.00000,0.00000,0.00000,0.00000,0.00000,0.00000,0.00000,0.00000,0.00000,0.00000,0.00000,0.00000,0.00000,0.00000,0.00000,0.00000,0.00000,0.00000,0.00000,0.00000,0.00000,0.00000,0.00000,0.00000,0.00000,0.00000,0.00000,0.00000,0.00000,0.00000,0.00000,0.00000,0.00000,0.00000,0.00000,0.00000,0.00000,0.00000,0.00000,0.00000,0.00000,0.00000,0.00000,0.00000,0.00000,0.00000,0.00000,0.00000,1.00000,-0.03484,-0.03341,-0.05979,-0.04347,-0.03876,-0.03471,-0.05579,-0.03539,-0.06871,-0.03793,-0.04670,-0.01628,0.06230,-0.02319,-0.03416,-0.02418,-0.02325,-0.02705,0.02669,-0.02614,-0.01100,-0.04924,0.01329,-0.03375
0.00000,0.00000,0.00000,0.00000,0.00000,0.00000,0.00000,0.00000,0.00000,0.00000,0.00000,0.00000,0.00000,0.00000,0.00000,0.00000,0.00000,0.00000,0.00000,0.00000,0.00000,0.00000,0.00000,0.00000,0.00000,0.00000,0.00000,0.00000,0.00000,0.00000,0.00000,0.00000,0.00000,0.00000,0.00000,0.00000,0.00000,0.00000,0.00000,0.00000,0.00000,0.00000,0.00000,0.00000,0.00000,0.00000,0.00000,0.00000,0.00000,0.00000,0.00000,0.00000,0.00000,0.00000,0.00000,0.00000,0.00000,0.00000,0.00000,0.00000,0.00000,0.00000,0.00000,0.00000,0.00000,0.00000,0.00000,0.00000,0.00000,0.00000,0.00000,0.00000,0.00000,0.00000,0.00000,0.00000,1.00000,-0.01654,-0.01122,0.04325,-0.02061,-0.01500,-0.03293,-0.01361,-0.00236,-0.02081,-0.02648,-0.01610,-0.00104,-0.00773,-0.01664,-0.01212,-0.01661,-0.01275,-0.04096,-0.01228,-0.01885,-0.02228,-0.01312,-0.01972
0.00000,0.00000,0.00000,0.00000,0.00000,0.00000,0.00000,0.00000,0.00000,0.00000,0.00000,0.00000,0.00000,0.00000,0.00000,0.00000,0.00000,0.00000,0.00000,0.00000,0.00000,0.00000,0.00000,0.00000,0.00000,0.00000,0.00000,0.00000,0.00000,0.00000,0.00000,0.00000,0.00000,0.00000,0.00000,0.00000,0.00000,0.00000,0.00000,0.00000,0.00000,0.00000,0.00000,0.00000,0.00000,0.00000,0.00000,0.00000,0.00000,0.00000,0.00000,0.00000,0.00000,0.00000,0.00000,0.00000,0.00000,0.00000,0.00000,0.00000,0.00000,0.00000,0.00000,0.00000,0.00000,0.00000,0.00000,0.00000,0.00000,0.00000,0.00000,0.00000,0.00000,0.00000,0.00000,0.00000,0.00000,1.00000,-0.02358,-0.02274,-0.02500,-0.01318,0.03399,-0.01836,-0.03251,-0.00670,-0.01904,0.05780,-0.02773,-0.00890,0.00295,-0.02060,-0.01056,-0.01372,0.06565,0.00452,0.00993,-0.03383,-0.00796,0.07275
0.00000,0.00000,0.00000,0.00000,0.00000,0.00000,0.00000,0.00000,0.00000,0.00000,0.00000,0.00000,0.00000,0.00000,0.00000,0.00000,0.00000,0.00000,0.00000,0.00000,0.00000,0.00000,0.00000,0.00000,0.00000,0.00000,0.00000,0.00000,0.00000,0.00000,0.00000,0.00000,0.00000,0.00000,0.00000,0.00000,0.00000,0.00000,0.00000,0.00000,0.00000,0.00000,0.00000,0.00000,0.00000,0.00000,0.00000,0.00000,0.00000,0.00000,0.00000,0.00000,0.00000,0.00000,0.00000,0.00000,0.00000,0.00000,0.00000,0.00000,0.00000,0.00000,0.00000,0.00000,0.00000,0.00000,0.00000,0.00000,0.00000,0.00000,0.00000,0.00000,0.00000,0.00000,0.00000,0.00000,0.00000,0.00000,1.00000,0.01755,0.03004,-0.02449,-0.04455,0.01352,0.53898,0.02893,-0.03245,0.00802,-0.06884,-0.01939,0.00711,0.03330,0.00154,-0.01317,0.00899,-0.00113,-0.00344,-0.01743,0.07150,-0.02700
0.00000,0.00000,0.00000,0.00000,0.00000,0.00000,0.00000,0.00000,0.00000,0.00000,0.00000,0.00000,0.00000,0.00000,0.00000,0.00000,0.00000,0.00000,0.00000,0.00000,0.00000,0.00000,0.00000,0.00000,0.00000,0.00000,0.00000,0.00000,0.00000,0.00000,0.00000,0.00000,0.00000,0.00000,0.00000,0.00000,0.00000,0.00000,0.00000,0.00000,0.00000,0.00000,0.00000,0.00000,0.00000,0.00000,0.00000,0.00000,0.00000,0.00000,0.00000,0.00000,0.00000,0.00000,0.00000,0.00000,0.00000,0.00000,0.00000,0.00000,0.00000,0.00000,0.00000,0.00000,0.00000,0.00000,0.00000,0.00000,0.00000,0.00000,0.00000,0.00000,0.00000,0.00000,0.00000,0.00000,0.00000,0.00000,0.00000,1.00000,0.02536,0.00989,-0.00836,-0.02103,0.05014,-0.01942,-0.01414,0.00170,-0.05063,-0.01402,-0.01515,-0.01525,-0.02665,-0.00883,-0.04376,-0.01145,-0.02179,-0.01040,-0.00670,-0.02325
0.00000,0.00000,0.00000,0.00000,0.00000,0.00000,0.00000,0.00000,0.00000,0.00000,0.00000,0.00000,0.00000,0.00000,0.00000,0.00000,0.00000,0.00000,0.00000,0.00000,0.00000,0.00000,0.00000,0.00000,0.00000,0.00000,0.00000,0.00000,0.00000,0.00000,0.00000,0.00000,0.00000,0.00000,0.00000,0.00000,0.00000,0.00000,0.00000,0.00000,0.00000,0.00000,0.00000,0.00000,0.00000,0.00000,0.00000,0.00000,0.00000,0.00000,0.00000,0.00000,0.00000,0.00000,0.00000,0.00000,0.00000,0.00000,0.00000,0.00000,0.00000,0.00000,0.00000,0.00000,0.00000,0.00000,0.00000,0.00000,0.00000,0.00000,0.00000,0.00000,0.00000,0.00000,0.00000,0.00000,0.00000,0.00000,0.00000,0.00000,1.00000,0.01393,0.00262,-0.00988,0.00252,-0.02114,-0.01557,0.06606,0.03505,0.01294,-0.01676,0.00091,-0.01437,0.00685,0.01170,-0.00890,-0.01291,0.01483,-0.01885,-0.01050
0.00000,0.00000,0.00000,0.00000,0.00000,0.00000,0.00000,0.00000,0.00000,0.00000,0.00000,0.00000,0.00000,0.00000,0.00000,0.00000,0.00000,0.00000,0.00000,0.00000,0.00000,0.00000,0.00000,0.00000,0.00000,0.00000,0.00000,0.00000,0.00000,0.00000,0.00000,0.00000,0.00000,0.00000,0.00000,0.00000,0.00000,0.00000,0.00000,0.00000,0.00000,0.00000,0.00000,0.00000,0.00000,0.00000,0.00000,0.00000,0.00000,0.00000,0.00000,0.00000,0.00000,0.00000,0.00000,0.00000,0.00000,0.00000,0.00000,0.00000,0.00000,0.00000,0.00000,0.00000,0.00000,0.00000,0.00000,0.00000,0.00000,0.00000,0.00000,0.00000,0.00000,0.00000,0.00000,0.00000,0.00000,0.00000,0.00000,0.00000,0.00000,1.00000,-0.02214,-0.00495,-0.04309,0.05549,0.00652,0.00576,-0.05532,-0.01011,0.07567,0.01202,-0.02542,0.05314,-0.04696,0.00507,-0.01891,0.06439,0.00401,0.02675
0.00000,0.00000,0.00000,0.00000,0.00000,0.00000,0.00000,0.00000,0.00000,0.00000,0.00000,0.00000,0.00000,0.00000,0.00000,0.00000,0.00000,0.00000,0.00000,0.00000,0.00000,0.00000,0.00000,0.00000,0.00000,0.00000,0.00000,0.00000,0.00000,0.00000,0.00000,0.00000,0.00000,0.00000,0.00000,0.00000,0.00000,0.00000,0.00000,0.00000,0.00000,0.00000,0.00000,0.00000,0.00000,0.00000,0.00000,0.00000,0.00000,0.00000,0.00000,0.00000,0.00000,0.00000,0.00000,0.00000,0.00000,0.00000,0.00000,0.00000,0.00000,0.00000,0.00000,0.00000,0.00000,0.00000,0.00000,0.00000,0.00000,0.00000,0.00000,0.00000,0.00000,0.00000,0.00000,0.00000,0.00000,0.00000,0.00000,0.00000,0.00000,0.00000,1.00000,-0.01083,-0.00779,-0.03247,-0.02865,0.01541,-0.06099,-0.02046,0.01294,-0.02558,-0.04106,-0.00043,0.00829,0.02187,-0.04125,-0.03318,0.03348,0.00186
0.00000,0.00000,0.00000,0.00000,0.00000,0.00000,0.00000,0.00000,0.00000,0.00000,0.00000,0.00000,0.00000,0.00000,0.00000,0.00000,0.00000,0.00000,0.00000,0.00000,0.00000,0.00000,0.00000,0.00000,0.00000,0.00000,0.00000,0.00000,0.00000,0.00000,0.00000,0.00000,0.00000,0.00000,0.00000,0.00000,0.00000,0.00000,0.00000,0.00000,0.00000,0.00000,0.00000,0.00000,0.00000,0.00000,0.00000,0.00000,0.00000,0.00000,0.00000,0.00000,0.00000,0.00000,0.00000,0.00000,0.00000,0.00000,0.00000,0.00000,0.00000,0.00000,0.00000,0.00000,0.00000,0.00000,0.00000,0.00000,0.00000,0.00000,0.00000,0.00000,0.00000,0.00000,0.00000,0.00000,0.00000,0.00000,0.00000,0.00000,0.00000,0.00000,0.00000,1.00000,-0.03104,-0.01680,0.08798,0.00541,0.00819,0.09318,0.01271,-0.01437,0.02456,0.05324,0.06414,0.02704,0.00492,-0.01211,-0.01942,-0.00458
0.00000,0.00000,0.00000,0.00000,0.00000,0.00000,0.00000,0.00000,0.00000,0.00000,0.00000,0.00000,0.00000,0.00000,0.00000,0.00000,0.00000,0.00000,0.00000,0.00000,0.00000,0.00000,0.00000,0.00000,0.00000,0.00000,0.00000,0.00000,0.00000,0.00000,0.00000,0.00000,0.00000,0.00000,0.00000,0.00000,0.00000,0.00000,0.00000,0.00000,0.00000,0.00000,0.00000,0.00000,0.00000,0.00000,0.00000,0.00000,0.00000,0.00000,0.00000,0.00000,0.00000,0.00000,0.00000,0.00000,0.00000,0.00000,0.00000,0.00000,0.00000,0.00000,0.00000,0.00000,0.00000,0.00000,0.00000,0.00000,0.00000,0.00000,0.00000,0.00000,0.00000,0.00000,0.00000,0.00000,0.00000,0.00000,0.00000,0.00000,0.00000,0.00000,0.00000,0.00000,1.00000,-0.01869,-0.04380,-0.02975,-0.06230,-0.01902,-0.02959,-0.03481,-0.02864,-0.03064,-0.07553,-0.02399,-0.02260,0.01176,0.05304,-0.02211
0.00000,0.00000,0.00000,0.00000,0.00000,0.00000,0.00000,0.00000,0.00000,0.00000,0.00000,0.00000,0.00000,0.00000,0.00000,0.00000,0.00000,0.00000,0.00000,0.00000,0.00000,0.00000,0.00000,0.00000,0.00000,0.00000,0.00000,0.00000,0.00000,0.00000,0.00000,0.00000,0.00000,0.00000,0.00000,0.00000,0.00000,0.00000,0.00000,0.00000,0.00000,0.00000,0.00000,0.00000,0.00000,0.00000,0.00000,0.00000,0.00000,0.00000,0.00000,0.00000,0.00000,0.00000,0.00000,0.00000,0.00000,0.00000,0.00000,0.00000,0.00000,0.00000,0.00000,0.00000,0.00000,0.00000,0.00000,0.00000,0.00000,0.00000,0.00000,0.00000,0.00000,0.00000,0.00000,0.00000,0.00000,0.00000,0.00000,0.00000,0.00000,0.00000,0.00000,0.00000,0.00000,1.00000,0.03824,0.00304,0.00400,-0.00719,-0.01977,0.00587,-0.02281,-0.01774,-0.03361,-0.00494,-0.00378,-0.00663,0.00583,0.00910
0.00000,0.00000,0.00000,0.00000,0.00000,0.00000,0.00000,0.00000,0.00000,0.00000,0.00000,0.00000,0.00000,0.00000,0.00000,0.00000,0.00000,0.00000,0.00000,0.00000,0.00000,0.00000,0.00000,0.00000,0.00000,0.00000,0.00000,0.00000,0.00000,0.00000,0.00000,0.00000,0.00000,0.00000,0.00000,0.00000,0.00000,0.00000,0.00000,0.00000,0.00000,0.00000,0.00000,0.00000,0.00000,0.00000,0.00000,0.00000,0.00000,0.00000,0.00000,0.00000,0.00000,0.00000,0.00000,0.00000,0.00000,0.00000,0.00000,0.00000,0.00000,0.00000,0.00000,0.00000,0.00000,0.00000,0.00000,0.00000,0.00000,0.00000,0.00000,0.00000,0.00000,0.00000,0.00000,0.00000,0.00000,0.00000,0.00000,0.00000,0.00000,0.00000,0.00000,0.00000,0.00000,0.00000,1.00000,-0.02684,-0.05259,0.12090,0.01953,0.31149,-0.02849,0.15345,0.07334,-0.01058,0.05104,0.00936,0.01686,-0.01509
0.00000,0.00000,0.00000,0.00000,0.00000,0.00000,0.00000,0.00000,0.00000,0.00000,0.00000,0.00000,0.00000,0.00000,0.00000,0.00000,0.00000,0.00000,0.00000,0.00000,0.00000,0.00000,0.00000,0.00000,0.00000,0.00000,0.00000,0.00000,0.00000,0.00000,0.00000,0.00000,0.00000,0.00000,0.00000,0.00000,0.00000,0.00000,0.00000,0.00000,0.00000,0.00000,0.00000,0.00000,0.00000,0.00000,0.00000,0.00000,0.00000,0.00000,0.00000,0.00000,0.00000,0.00000,0.00000,0.00000,0.00000,0.00000,0.00000,0.00000,0.00000,0.00000,0.00000,0.00000,0.00000,0.00000,0.00000,0.00000,0.00000,0.00000,0.00000,0.00000,0.00000,0.00000,0.00000,0.00000,0.00000,0.00000,0.00000,0.00000,0.00000,0.00000,0.00000,0.00000,0.00000,0.00000,0.00000,1.00000,-0.03034,-0.01065,-0.01972,-0.01349,0.00149,-0.00712,0.00698,0.00143,-0.00206,0.01782,-0.00694,-0.01849
0.00000,0.00000,0.00000,0.00000,0.00000,0.00000,0.00000,0.00000,0.00000,0.00000,0.00000,0.00000,0.00000,0.00000,0.00000,0.00000,0.00000,0.00000,0.00000,0.00000,0.00000,0.00000,0.00000,0.00000,0.00000,0.00000,0.00000,0.00000,0.00000,0.00000,0.00000,0.00000,0.00000,0.00000,0.00000,0.00000,0.00000,0.00000,0.00000,0.00000,0.00000,0.00000,0.00000,0.00000,0.00000,0.00000,0.00000,0.00000,0.00000,0.00000,0.00000,0.00000,0.00000,0.00000,0.00000,0.00000,0.00000,0.00000,0.00000,0.00000,0.00000,0.00000,0.00000,0.00000,0.00000,0.00000,0.00000,0.00000,0.00000,0.00000,0.00000,0.00000,0.00000,0.00000,0.00000,0.00000,0.00000,0.00000,0.00000,0.00000,0.00000,0.00000,0.00000,0.00000,0.00000,0.00000,0.00000,0.00000,1.00000,-0.01281,-0.04742,-0.01959,0.00973,-0.02353,-0.09319,0.09565,-0.04293,-0.04424,-0.01056,0.15736
0.00000,0.00000,0.00000,0.00000,0.00000,0.00000,0.00000,0.00000,0.00000,0.00000,0.00000,0.00000,0.00000,0.00000,0.00000,0.00000,0.00000,0.00000,0.00000,0.00000,0.00000,0.00000,0.00000,0.00000,0.00000,0.00000,0.00000,0.00000,0.00000,0.00000,0.00000,0.00000,0.00000,0.00000,0.00000,0.00000,0.00000,0.00000,0.00000,0.00000,0.00000,0.00000,0.00000,0.00000,0.00000,0.00000,0.00000,0.00000,0.00000,0.00000,0.00000,0.00000,0.00000,0.00000,0.00000,0.00000,0.00000,0.00000,0.00000,0.00000,0.00000,0.00000,0.00000,0.00000,0.00000,0.00000,0.00000,0.00000,0.00000,0.00000,0.00000,0.00000,0.00000,0.00000,0.00000,0.00000,0.00000,0.00000,0.00000,0.00000,0.00000,0.00000,0.00000,0.00000,0.00000,0.00000,0.00000,0.00000,0.00000,1.00000,0.00363,-0.01113,0.00654,-0.00846,0.02786,-0.00625,-0.00412,-0.01030,-0.00902,-0.01326
0.00000,0.00000,0.00000,0.00000,0.00000,0.00000,0.00000,0.00000,0.00000,0.00000,0.00000,0.00000,0.00000,0.00000,0.00000,0.00000,0.00000,0.00000,0.00000,0.00000,0.00000,0.00000,0.00000,0.00000,0.00000,0.00000,0.00000,0.00000,0.00000,0.00000,0.00000,0.00000,0.00000,0.00000,0.00000,0.00000,0.00000,0.00000,0.00000,0.00000,0.00000,0.00000,0.00000,0.00000,0.00000,0.00000,0.00000,0.00000,0.00000,0.00000,0.00000,0.00000,0.00000,0.00000,0.00000,0.00000,0.00000,0.00000,0.00000,0.00000,0.00000,0.00000,0.00000,0.00000,0.00000,0.00000,0.00000,0.00000,0.00000,0.00000,0.00000,0.00000,0.00000,0.00000,0.00000,0.00000,0.00000,0.00000,0.00000,0.00000,0.00000,0.00000,0.00000,0.00000,0.00000,0.00000,0.00000,0.00000,0.00000,0.00000,1.00000,0.05355,0.06613,-0.01364,0.05342,-0.00911,0.04762,-0.01449,-0.01801,0.05398
0.00000,0.00000,0.00000,0.00000,0.00000,0.00000,0.00000,0.00000,0.00000,0.00000,0.00000,0.00000,0.00000,0.00000,0.00000,0.00000,0.00000,0.00000,0.00000,0.00000,0.00000,0.00000,0.00000,0.00000,0.00000,0.00000,0.00000,0.00000,0.00000,0.00000,0.00000,0.00000,0.00000,0.00000,0.00000,0.00000,0.00000,0.00000,0.00000,0.00000,0.00000,0.00000,0.00000,0.00000,0.00000,0.00000,0.00000,0.00000,0.00000,0.00000,0.00000,0.00000,0.00000,0.00000,0.00000,0.00000,0.00000,0.00000,0.00000,0.00000,0.00000,0.00000,0.00000,0.00000,0.00000,0.00000,0.00000,0.00000,0.00000,0.00000,0.00000,0.00000,0.00000,0.00000,0.00000,0.00000,0.00000,0.00000,0.00000,0.00000,0.00000,0.00000,0.00000,0.00000,0.00000,0.00000,0.00000,0.00000,0.00000,0.00000,0.00000,1.00000,-0.02325,0.00367,0.04432,-0.01533,0.00007,-0.00320,-0.01988,-0.02319
0.00000,0.00000,0.00000,0.00000,0.00000,0.00000,0.00000,0.00000,0.00000,0.00000,0.00000,0.00000,0.00000,0.00000,0.00000,0.00000,0.00000,0.00000,0.00000,0.00000,0.00000,0.00000,0.00000,0.00000,0.00000,0.00000,0.00000,0.00000,0.00000,0.00000,0.00000,0.00000,0.00000,0.00000,0.00000,0.00000,0.00000,0.00000,0.00000,0.00000,0.00000,0.00000,0.00000,0.00000,0.00000,0.00000,0.00000,0.00000,0.00000,0.00000,0.00000,0.00000,0.00000,0.00000,0.00000,0.00000,0.00000,0.00000,0.00000,0.00000,0.00000,0.00000,0.00000,0.00000,0.00000,0.00000,0.00000,0.00000,0.00000,0.00000,0.00000,0.00000,0.00000,0.00000,0.00000,0.00000,0.00000,0.00000,0.00000,0.00000,0.00000,0.00000,0.00000,0.00000,0.00000,0.00000,0.00000,0.00000,0.00000,0.00000,0.00000,0.00000,1.00000,-0.00874,-0.04584,-0.01613,0.09450,-0.01960,0.02037,-0.00093
0.00000,0.00000,0.00000,0.00000,0.00000,0.00000,0.00000,0.00000,0.00000,0.00000,0.00000,0.00000,0.00000,0.00000,0.00000,0.00000,0.00000,0.00000,0.00000,0.00000,0.00000,0.00000,0.00000,0.00000,0.00000,0.00000,0.00000,0.00000,0.00000,0.00000,0.00000,0.00000,0.00000,0.00000,0.00000,0.00000,0.00000,0.00000,0.00000,0.00000,0.00000,0.00000,0.00000,0.00000,0.00000,0.00000,0.00000,0.00000,0.00000,0.00000,0.00000,0.00000,0.00000,0.00000,0.00000,0.00000,0.00000,0.00000,0.00000,0.00000,0.00000,0.00000,0.00000,0.00000,0.00000,0.00000,0.00000,0.00000,0.00000,0.00000,0.00000,0.00000,0.00000,0.00000,0.00000,0.00000,0.00000,0.00000,0.00000,0.00000,0.00000,0.00000,0.00000,0.00000,0.00000,0.00000,0.00000,0.00000,0.00000,0.00000,0.00000,0.00000,0.00000,1.00000,-0.01415,0.02740,0.00304,-0.01665,-0.00366,-0.00943
0.00000,0.00000,0.00000,0.00000,0.00000,0.00000,0.00000,0.00000,0.00000,0.00000,0.00000,0.00000,0.00000,0.00000,0.00000,0.00000,0.00000,0.00000,0.00000,0.00000,0.00000,0.00000,0.00000,0.00000,0.00000,0.00000,0.00000,0.00000,0.00000,0.00000,0.00000,0.00000,0.00000,0.00000,0.00000,0.00000,0.00000,0.00000,0.00000,0.00000,0.00000,0.00000,0.00000,0.00000,0.00000,0.00000,0.00000,0.00000,0.00000,0.00000,0.00000,0.00000,0.00000,0.00000,0.00000,0.00000,0.00000,0.00000,0.00000,0.00000,0.00000,0.00000,0.00000,0.00000,0.00000,0.00000,0.00000,0.00000,0.00000,0.00000,0.00000,0.00000,0.00000,0.00000,0.00000,0.00000,0.00000,0.00000,0.00000,0.00000,0.00000,0.00000,0.00000,0.00000,0.00000,0.00000,0.00000,0.00000,0.00000,0.00000,0.00000,0.00000,0.00000,0.00000,1.00000,-0.01863,0.03793,-0.04690,-0.03867,-0.02284
0.00000,0.00000,0.00000,0.00000,0.00000,0.00000,0.00000,0.00000,0.00000,0.00000,0.00000,0.00000,0.00000,0.00000,0.00000,0.00000,0.00000,0.00000,0.00000,0.00000,0.00000,0.00000,0.00000,0.00000,0.00000,0.00000,0.00000,0.00000,0.00000,0.00000,0.00000,0.00000,0.00000,0.00000,0.00000,0.00000,0.00000,0.00000,0.00000,0.00000,0.00000,0.00000,0.00000,0.00000,0.00000,0.00000,0.00000,0.00000,0.00000,0.00000,0.00000,0.00000,0.00000,0.00000,0.00000,0.00000,0.00000,0.00000,0.00000,0.00000,0.00000,0.00000,0.00000,0.00000,0.00000,0.00000,0.00000,0.00000,0.00000,0.00000,0.00000,0.00000,0.00000,0.00000,0.00000,0.00000,0.00000,0.00000,0.00000,0.00000,0.00000,0.00000,0.00000,0.00000,0.00000,0.00000,0.00000,0.00000,0.00000,0.00000,0.00000,0.00000,0.00000,0.00000,0.00000,1.00000,-0.01170,-0.00819,-0.01290,0.05455
0.00000,0.00000,0.00000,0.00000,0.00000,0.00000,0.00000,0.00000,0.00000,0.00000,0.00000,0.00000,0.00000,0.00000,0.00000,0.00000,0.00000,0.00000,0.00000,0.00000,0.00000,0.00000,0.00000,0.00000,0.00000,0.00000,0.00000,0.00000,0.00000,0.00000,0.00000,0.00000,0.00000,0.00000,0.00000,0.00000,0.00000,0.00000,0.00000,0.00000,0.00000,0.00000,0.00000,0.00000,0.00000,0.00000,0.00000,0.00000,0.00000,0.00000,0.00000,0.00000,0.00000,0.00000,0.00000,0.00000,0.00000,0.00000,0.00000,0.00000,0.00000,0.00000,0.00000,0.00000,0.00000,0.00000,0.00000,0.00000,0.00000,0.00000,0.00000,0.00000,0.00000,0.00000,0.00000,0.00000,0.00000,0.00000,0.00000,0.00000,0.00000,0.00000,0.00000,0.00000,0.00000,0.00000,0.00000,0.00000,0.00000,0.00000,0.00000,0.00000,0.00000,0.00000,0.00000,0.00000,1.00000,0.00628,0.04842,-0.02132
0.00000,0.00000,0.00000,0.00000,0.00000,0.00000,0.00000,0.00000,0.00000,0.00000,0.00000,0.00000,0.00000,0.00000,0.00000,0.00000,0.00000,0.00000,0.00000,0.00000,0.00000,0.00000,0.00000,0.00000,0.00000,0.00000,0.00000,0.00000,0.00000,0.00000,0.00000,0.00000,0.00000,0.00000,0.00000,0.00000,0.00000,0.00000,0.00000,0.00000,0.00000,0.00000,0.00000,0.00000,0.00000,0.00000,0.00000,0.00000,0.00000,0.00000,0.00000,0.00000,0.00000,0.00000,0.00000,0.00000,0.00000,0.00000,0.00000,0.00000,0.00000,0.00000,0.00000,0.00000,0.00000,0.00000,0.00000,0.00000,0.00000,0.00000,0.00000,0.00000,0.00000,0.00000,0.00000,0.00000,0.00000,0.00000,0.00000,0.00000,0.00000,0.00000,0.00000,0.00000,0.00000,0.00000,0.00000,0.00000,0.00000,0.00000,0.00000,0.00000,0.00000,0.00000,0.00000,0.00000,0.00000,1.00000,-0.01129,-0.02081
0.00000,0.00000,0.00000,0.00000,0.00000,0.00000,0.00000,0.00000,0.00000,0.00000,0.00000,0.00000,0.00000,0.00000,0.00000,0.00000,0.00000,0.00000,0.00000,0.00000,0.00000,0.00000,0.00000,0.00000,0.00000,0.00000,0.00000,0.00000,0.00000,0.00000,0.00000,0.00000,0.00000,0.00000,0.00000,0.00000,0.00000,0.00000,0.00000,0.00000,0.00000,0.00000,0.00000,0.00000,0.00000,0.00000,0.00000,0.00000,0.00000,0.00000,0.00000,0.00000,0.00000,0.00000,0.00000,0.00000,0.00000,0.00000,0.00000,0.00000,0.00000,0.00000,0.00000,0.00000,0.00000,0.00000,0.00000,0.00000,0.00000,0.00000,0.00000,0.00000,0.00000,0.00000,0.00000,0.00000,0.00000,0.00000,0.00000,0.00000,0.00000,0.00000,0.00000,0.00000,0.00000,0.00000,0.00000,0.00000,0.00000,0.00000,0.00000,0.00000,0.00000,0.00000,0.00000,0.00000,0.00000,0.00000,1.00000,0.06885
0.00000,0.00000,0.00000,0.00000,0.00000,0.00000,0.00000,0.00000,0.00000,0.00000,0.00000,0.00000,0.00000,0.00000,0.00000,0.00000,0.00000,0.00000,0.00000,0.00000,0.00000,0.00000,0.00000,0.00000,0.00000,0.00000,0.00000,0.00000,0.00000,0.00000,0.00000,0.00000,0.00000,0.00000,0.00000,0.00000,0.00000,0.00000,0.00000,0.00000,0.00000,0.00000,0.00000,0.00000,0.00000,0.00000,0.00000,0.00000,0.00000,0.00000,0.00000,0.00000,0.00000,0.00000,0.00000,0.00000,0.00000,0.00000,0.00000,0.00000,0.00000,0.00000,0.00000,0.00000,0.00000,0.00000,0.00000,0.00000,0.00000,0.00000,0.00000,0.00000,0.00000,0.00000,0.00000,0.00000,0.00000,0.00000,0.00000,0.00000,0.00000,0.00000,0.00000,0.00000,0.00000,0.00000,0.00000,0.00000,0.00000,0.00000,0.00000,0.00000,0.00000,0.00000,0.00000,0.00000,0.00000,0.00000,0.00000,1.00000
